Serial number,LOCATION,VISUAL.1,VISUAL.2,VISUAL.3,VISUAL.4,VISUAL.5,VISUAL.6,VISUAL.7,VISUAL.8,VISUAL.9,VISUAL.10,VISUAL.11,VISUAL.12,VISUAL.13,VISUAL.14,VISUAL.15,VISUAL.16,VISUAL.AMOUNT,AUDITORIAL.1,AUDITORIAL.2,AUDITORIAL.3,AUDITORIAL.4,AUDITORIAL.5,AUDITORIAL.6,AUDITORIAL.7,AUDITORIAL.8,AUDITORIAL.9,AUDITORIAL.10,AUDITORIAL.11,AUDITORIAL.12,AUDITORIAL.13,AUDITORIAL.14,AUDITORIAL.15,AUDITORIAL.16,AUDITORIAL.AMOUNT,KINESTHETIC.1,KINESTHETIC.2,KINESTHETIC.3,KINESTHETIC.4,KINESTHETIC.5,KINESTHETIC.6,KINESTHETIC.7,KINESTHETIC.8,KINESTHETIC.9,KINESTHETIC.10,KINESTHETIC.11,KINESTHETIC.12,KINESTHETIC.13,KINESTHETIC.14,KINESTHETIC.15,KINESTHETIC.16,KINESTHETIC.AMOUNT,FINAL,FINAL VALUE
575,BANTUL DISTRICT,1,1,1,1,0,0,0,0,0,0,0,1,0,1,0,1,7,0,0,0,1,1,1,0,1,1,0,1,1,0,1,1,0,9,1,0,0,1,1,0,1,0,0,1,0,0,0,0,0,1,6,A,1
619,BANTUL DISTRICT,1,0,1,0,1,0,1,0,1,0,1,0,1,0,1,0,8,1,1,1,0,0,1,1,1,0,1,1,0,0,1,1,1,11,1,1,0,0,1,1,0,0,1,0,1,1,0,0,1,1,9,A,1
623,BANTUL DISTRICT,1,1,1,0,0,1,1,0,0,0,0,0,1,1,0,0,7,0,0,0,1,0,1,0,1,0,1,1,0,1,1,1,1,9,0,0,1,1,1,0,1,1,0,0,0,0,1,0,0,1,7,A,1
635,BANTUL DISTRICT,1,0,1,1,0,0,0,1,0,0,1,1,1,1,0,0,8,0,1,0,1,1,1,0,1,1,1,1,1,0,1,0,0,10,1,0,0,1,1,0,0,1,1,1,0,0,1,0,0,1,8,A,1
656,BANTUL DISTRICT,1,1,1,1,0,1,0,0,1,0,0,1,0,1,0,1,9,0,0,1,1,1,0,1,1,1,0,1,1,0,1,1,0,10,1,0,0,1,0,1,0,1,0,1,0,0,1,1,1,1,9,A,1
666,BANTUL DISTRICT,1,1,1,1,0,0,1,1,0,1,1,1,1,0,0,0,10,0,0,1,1,0,0,0,0,1,0,1,1,1,0,1,0,7,1,0,0,1,1,1,0,1,1,1,0,0,0,0,0,1,8,V,2
681,BANTUL DISTRICT,1,1,1,1,0,0,0,0,1,1,0,1,1,1,0,1,10,0,0,0,1,0,0,1,1,1,0,1,1,1,0,1,1,9,1,0,1,1,1,1,0,1,1,0,0,0,1,0,0,1,9,V,2
690,BANTUL DISTRICT,1,0,0,0,1,0,0,1,1,1,1,0,1,1,0,1,9,0,1,0,0,1,0,1,0,1,1,0,1,1,0,1,0,8,1,1,0,0,1,0,1,0,0,1,0,0,1,0,1,1,8,V,2
691,BANTUL DISTRICT,0,1,0,1,1,1,0,1,0,1,1,0,0,1,1,1,10,0,0,0,1,0,0,0,1,1,0,1,1,0,0,1,0,6,0,1,0,1,0,0,1,1,0,1,1,1,0,0,0,0,7,V,2
582,BANTUL DISTRICT,1,0,0,0,0,1,1,1,1,0,1,0,0,1,0,0,7,0,1,0,1,1,1,0,1,0,0,1,0,0,0,1,1,8,1,0,1,1,1,1,0,1,1,0,1,1,1,0,1,0,11,K,3
585,BANTUL DISTRICT,1,1,1,0,0,1,1,0,0,1,0,1,0,1,0,1,9,0,1,0,1,1,1,0,0,1,0,1,1,0,0,1,1,9,1,1,0,1,1,0,0,1,1,1,1,1,0,1,0,1,11,K,3
599,BANTUL DISTRICT,1,1,1,0,0,1,1,0,0,0,1,0,0,1,0,1,8,0,0,1,1,1,0,1,0,0,0,1,1,0,0,1,1,8,0,0,0,1,1,1,0,1,0,0,1,1,1,0,1,1,9,K,3
601,BANTUL DISTRICT,0,0,1,1,1,0,0,0,1,0,0,1,1,0,0,0,6,0,0,0,0,0,1,1,0,0,1,0,0,0,1,0,1,5,1,1,1,1,1,0,1,0,0,1,0,1,1,1,1,0,11,K,3
605,BANTUL DISTRICT,1,0,1,0,0,0,1,0,1,1,0,0,1,0,0,1,7,0,1,0,1,1,0,0,0,1,0,0,1,1,0,1,0,7,0,0,0,1,1,1,0,1,1,0,1,1,0,1,0,1,9,K,3
634,BANTUL DISTRICT,1,0,1,0,0,0,1,1,1,1,0,1,0,0,0,0,7,1,1,1,0,1,0,0,1,0,0,0,1,0,0,1,1,8,1,1,0,1,1,1,1,0,0,1,1,0,0,0,0,1,9,AK,4
640,BANTUL DISTRICT,1,0,1,0,0,0,0,1,0,1,0,1,1,1,0,0,7,1,0,0,1,0,0,0,1,1,1,1,0,1,0,0,1,8,1,1,1,0,1,1,1,1,0,0,0,0,0,0,0,1,8,AK,4
642,BANTUL DISTRICT,0,0,1,1,0,0,0,1,0,0,1,1,1,0,0,1,7,0,0,1,0,1,1,0,0,1,1,1,1,0,0,0,1,8,1,1,1,1,1,1,0,1,0,0,0,0,0,0,0,1,8,AK,4
652,BANTUL DISTRICT,1,1,0,0,0,0,0,0,1,0,1,1,0,1,0,1,7,0,0,0,1,0,1,1,0,1,0,1,1,0,0,1,1,8,0,1,1,1,1,1,0,1,0,0,1,0,1,0,0,0,8,AK,4
657,BANTUL DISTRICT,0,0,1,1,0,0,0,1,0,0,0,1,0,1,0,0,5,0,0,0,1,1,0,0,0,0,0,1,1,0,0,1,1,6,1,0,0,1,0,1,0,1,1,1,0,0,0,0,0,1,7,AK,4
658,BANTUL DISTRICT,1,1,1,0,0,1,1,0,0,0,0,0,0,1,0,1,7,0,0,1,1,1,0,0,1,1,0,1,1,0,0,1,1,9,0,1,1,1,1,0,1,1,1,0,1,1,0,0,0,1,10,AK,4
707,KULONPROGO DISTRICT,1,1,0,1,1,0,0,1,1,0,0,0,1,1,0,0,8,0,1,0,0,0,0,0,1,1,0,1,0,1,1,1,1,8,0,0,1,1,0,0,1,1,0,0,1,0,1,1,0,1,8,VAK,7
732,KULONPROGO DISTRICT,1,0,0,1,0,1,0,0,1,1,1,1,0,0,1,0,8,1,0,1,1,1,0,0,0,1,1,0,1,0,1,0,0,8,1,1,1,1,0,1,,1,1,0,0,1,0,0,0,0,8,VAK,7
791,KULONPROGO DISTRICT,1,0,0,1,1,1,1,0,0,1,0,0,0,0,0,0,6,0,1,0,0,0,0,0,1,1,0,0,1,1,0,1,0,6,0,1,1,1,0,0,0,1,1,0,0,0,0,1,0,0,6,VAK,7
847,KULONPROGO DISTRICT,1,0,1,0,1,0,0,0,1,1,1,0,0,0,0,0,6,0,0,1,0,1,1,0,1,1,0,0,1,0,0,0,0,6,0,0,0,1,0,1,1,0,0,0,1,1,0,1,0,0,6,VAK,7
852,KULONPROGO DISTRICT,1,1,0,0,0,1,1,1,1,1,0,0,1,1,0,1,10,0,1,0,0,0,1,0,1,1,0,0,0,0,1,0,1,6,0,0,1,1,0,1,0,0,0,0,1,0,1,1,1,0,7,V,2
853,KULONPROGO DISTRICT,1,0,0,1,1,1,1,0,1,1,0,1,0,1,0,1,10,1,1,0,0,0,1,0,1,0,1,0,1,1,0,1,0,8,1,1,0,1,0,1,1,1,0,0,0,1,0,1,0,0,8,V,2
855,KULONPROGO DISTRICT,1,0,0,0,1,1,1,0,1,1,1,1,1,0,0,1,10,0,1,0,1,0,1,0,1,1,1,0,1,1,0,1,0,9,0,1,1,1,0,0,1,1,1,0,1,0,0,1,1,0,9,V,2
856,KULONPROGO DISTRICT,1,1,1,0,1,1,0,1,1,1,1,0,0,1,0,0,10,0,0,1,0,1,1,0,1,1,0,0,1,1,1,0,0,8,0,0,0,1,0,1,1,1,0,0,1,1,1,1,0,0,8,V,2
871,KULONPROGO DISTRICT,1,0,0,1,1,1,1,1,1,1,1,0,0,0,0,1,10,0,0,1,0,1,1,0,0,1,0,0,1,1,1,0,0,7,0,1,0,1,0,1,1,0,1,1,1,0,0,1,0,0,8,V,2
874,KULONPROGO DISTRICT,0,1,0,1,1,1,1,1,1,1,0,0,1,1,0,1,11,0,0,0,1,0,1,0,1,1,0,1,1,1,1,0,1,9,0,1,1,0,0,1,0,1,1,0,0,1,0,1,1,1,9,V,2
712,KULONPROGO DISTRICT,1,0,1,0,1,0,1,0,1,1,1,0,1,0,0,1,9,0,0,0,1,0,1,0,1,1,0,1,1,1,0,1,0,8,0,1,1,1,0,1,0,0,0,0,0,1,1,1,1,1,9,VK,5
714,KULONPROGO DISTRICT,1,0,1,1,0,0,0,1,0,0,1,1,1,0,0,1,8,0,0,0,0,1,0,1,1,0,1,0,1,1,0,0,0,6,0,1,0,0,0,1,1,1,1,1,1,0,0,0,0,0,7,VK,5
717,KULONPROGO DISTRICT,1,0,1,0,1,1,1,0,0,1,1,0,0,0,0,1,8,0,0,0,0,0,1,0,0,0,0,0,1,1,0,1,1,5,0,1,1,1,0,1,1,1,1,0,1,1,0,1,1,0,11,VK,5
718,KULONPROGO DISTRICT,1,0,0,1,1,0,1,0,1,1,0,1,0,0,0,1,8,0,0,0,0,0,1,0,0,1,0,0,1,1,0,0,0,4,0,1,1,1,0,0,1,1,1,1,0,1,0,1,0,0,9,VK,5
721,KULONPROGO DISTRICT,1,0,1,1,1,1,1,0,0,1,0,1,0,0,0,0,8,0,0,0,0,0,1,0,0,1,0,0,1,1,0,0,0,4,1,1,0,1,,1,1,1,1,0,1,1,0,1,0,0,10,VK,5
722,KULONPROGO DISTRICT,1,0,1,1,1,0,0,0,0,1,0,1,0,0,0,1,7,0,0,1,0,1,0,1,0,1,0,0,0,1,0,0,0,5,0,1,1,1,0,0,1,1,0,0,1,1,1,1,0,0,9,VK,5
725,KULONPROGO DISTRICT,1,0,0,1,1,0,1,1,1,1,1,0,0,0,0,1,9,0,1,0,0,1,0,0,0,1,0,,1,1,0,0,0,5,1,1,0,,0,1,1,0,1,0,1,1,1,1,0,0,9,VK,5
726,KULONPROGO DISTRICT,1,0,0,1,1,1,1,0,1,1,0,1,0,1,0,1,10,0,0,0,1,0,1,0,0,0,1,0,0,1,0,0,1,5,1,1,0,1,0,1,1,1,0,0,0,1,0,0,0,1,8,VK,5
727,KULONPROGO DISTRICT,1,0,0,1,1,1,1,0,1,1,0,1,0,0,0,1,9,0,0,0,1,0,1,0,0,1,0,0,1,1,1,0,1,7,0,1,1,1,0,1,0,1,1,1,0,1,0,1,0,0,9,VK,5
728,KULONPROGO DISTRICT,1,0,1,0,1,1,1,0,0,1,,1,0,,0,1,8,0,0,0,0,,0,0,0,,1,,1,,1,0,0,3,1,1,1,1,,0,0,1,1,0,1,1,0,0,1,1,10,VK,5
729,KULONPROGO DISTRICT,1,0,0,1,1,1,1,0,0,1,1,1,0,0,0,1,9,0,1,0,1,1,1,0,1,1,0,0,1,1,0,0,0,8,0,1,0,1,0,1,1,1,0,0,1,1,0,1,0,1,9,VK,5
730,KULONPROGO DISTRICT,1,0,0,1,1,1,1,0,1,1,1,0,0,0,0,1,9,0,0,0,0,1,0,0,1,0,0,0,1,1,0,0,0,4,1,0,1,1,0,0,0,1,0,1,0,0,0,1,1,0,7,VK,5
734,KULONPROGO DISTRICT,1,0,1,1,1,1,1,0,1,1,1,1,0,0,0,0,10,0,1,1,1,1,0,0,0,0,0,0,1,1,0,0,0,6,1,0,0,1,0,0,1,1,0,1,1,1,0,0,1,0,8,VK,5
740,KULONPROGO DISTRICT,1,0,0,1,1,1,1,0,1,1,1,0,0,0,0,0,8,1,0,1,0,1,1,0,0,0,0,0,1,1,1,0,0,7,1,1,1,1,0,1,0,1,0,1,0,0,1,0,1,0,9,VK,5
741,KULONPROGO DISTRICT,1,1,0,1,1,1,1,0,0,1,1,0,0,1,0,0,9,0,1,0,0,0,1,1,1,0,1,0,1,1,0,1,0,8,1,1,1,1,0,1,1,0,0,1,0,0,0,1,1,0,9,VK,5
747,KULONPROGO DISTRICT,1,1,0,0,1,0,0,1,1,0,0,0,1,0,0,0,6,0,0,0,0,0,0,1,0,1,1,0,0,1,1,0,0,5,1,1,0,1,0,0,0,1,1,0,1,0,1,0,0,0,7,VK,5
752,KULONPROGO DISTRICT,1,1,0,1,1,0,0,1,1,1,1,0,0,0,0,1,9,0,1,0,0,0,1,0,1,1,0,0,0,1,1,0,0,6,0,1,0,1,0,0,0,1,1,1,0,1,1,0,0,1,8,VK,5
753,KULONPROGO DISTRICT,1,0,1,1,1,0,1,1,0,1,0,0,0,0,0,1,8,1,1,0,0,0,1,0,0,1,0,0,1,1,0,0,0,6,0,1,1,1,0,1,1,1,0,0,0,0,0,0,1,0,7,VK,5
755,KULONPROGO DISTRICT,0,0,0,1,1,1,1,1,0,1,0,0,1,0,0,1,8,0,1,0,0,0,1,1,0,1,0,0,1,1,0,1,0,7,1,1,0,1,0,1,0,1,1,0,0,0,1,1,0,0,8,VK,5
765,KULONPROGO DISTRICT,1,1,0,1,1,1,0,1,1,1,1,1,1,0,1,0,12,0,1,0,0,1,0,1,1,1,0,0,1,0,0,0,1,7,1,1,1,1,0,1,0,1,0,1,0,0,1,1,1,1,11,VK,5
766,KULONPROGO DISTRICT,1,0,0,1,1,1,1,0,1,1,1,1,0,0,0,0,9,0,0,0,0,1,1,0,0,0,0,0,1,1,0,0,0,4,0,1,0,1,0,1,1,1,0,0,1,0,0,1,0,0,7,VK,5
769,KULONPROGO DISTRICT,1,0,0,1,1,1,1,1,1,1,0,0,0,0,0,0,8,0,1,0,0,0,0,0,1,1,0,0,1,1,0,0,0,5,1,1,0,1,0,1,1,1,0,0,1,0,1,1,1,0,10,VK,5
774,KULONPROGO DISTRICT,1,0,1,1,1,1,0,1,0,1,1,1,0,0,0,0,9,0,0,0,0,0,1,0,1,1,0,0,1,0,0,0,0,4,0,0,1,1,0,1,1,1,1,0,0,0,0,1,1,0,8,VK,5
780,KULONPROGO DISTRICT,1,0,0,0,1,1,1,1,0,1,1,0,0,,0,1,8,0,1,0,0,0,1,0,0,0,0,0,1,1,0,1,1,6,0,1,1,1,0,1,1,1,0,0,1,1,0,1,1,0,10,VK,5
782,KULONPROGO DISTRICT,1,0,1,1,1,1,1,1,0,1,0,0,1,0,0,0,9,0,0,0,0,0,0,0,1,1,1,0,1,1,0,0,0,5,0,1,1,1,0,0,0,1,1,1,0,0,0,1,0,0,7,VK,5
783,KULONPROGO DISTRICT,1,1,0,1,1,1,1,1,1,0,1,1,0,0,0,1,11,0,1,0,0,0,1,0,0,0,0,0,1,1,0,0,0,4,0,1,1,1,0,1,1,1,1,0,1,0,0,1,1,0,10,VK,5
784,KULONPROGO DISTRICT,1,0,1,1,1,1,1,1,1,1,0,0,0,0,0,0,9,0,1,0,0,0,0,0,0,0,0,0,1,1,1,0,0,4,0,1,1,1,0,1,0,1,0,0,1,1,0,0,1,0,8,VK,5
796,KULONPROGO DISTRICT,1,1,1,0,1,1,1,0,0,0,1,0,1,1,0,0,9,0,0,0,0,0,0,0,1,1,1,0,1,1,0,1,0,6,1,1,0,1,0,1,1,1,1,1,0,1,0,0,0,0,9,VK,5
797,KULONPROGO DISTRICT,1,0,0,1,1,1,1,0,1,1,1,0,0,0,0,1,9,0,0,0,0,1,1,0,0,1,0,0,1,1,0,0,0,5,1,0,0,1,0,0,1,1,0,1,1,0,0,1,0,0,7,VK,5
800,KULONPROGO DISTRICT,1,0,0,1,1,1,1,0,1,,0,0,0,0,0,0,6,0,0,0,0,1,1,0,0,0,0,0,1,1,0,0,1,5,0,1,0,1,0,1,1,1,0,0,0,1,0,1,0,0,7,VK,5
801,KULONPROGO DISTRICT,1,0,0,1,1,0,1,0,1,1,1,0,0,0,0,0,7,0,0,0,0,1,1,0,1,0,0,,1,1,0,0,0,5,1,1,0,1,0,0,1,1,1,0,0,0,0,1,0,0,7,VK,5
803,KULONPROGO DISTRICT,1,0,0,1,1,1,1,1,0,1,1,1,0,0,0,1,10,0,0,0,0,1,1,0,1,1,0,0,1,1,0,0,0,6,1,0,1,1,0,1,1,1,1,1,1,0,0,1,1,0,11,VK,5
806,KULONPROGO DISTRICT,1,1,1,1,1,1,1,0,1,0,0,0,1,0,0,0,9,0,0,0,0,0,1,0,1,1,1,0,1,1,1,0,0,7,1,1,1,1,0,1,1,1,1,0,0,1,0,1,0,0,10,VK,5
813,KULONPROGO DISTRICT,1,1,1,0,1,1,1,1,0,0,0,1,1,0,0,0,9,0,1,1,0,0,0,1,1,1,0,0,1,1,0,1,0,8,0,1,1,1,0,0,1,1,1,0,0,1,1,1,1,0,10,VK,5
816,KULONPROGO DISTRICT,1,0,0,0,0,1,1,1,1,0,0,0,0,0,1,0,6,1,1,0,0,0,0,1,0,1,0,0,0,0,0,0,0,4,1,0,0,1,0,0,0,0,1,0,0,0,1,1,0,1,6,VK,5
817,KULONPROGO DISTRICT,1,0,0,1,1,1,0,0,1,1,1,0,0,0,,0,7,1,0,0,0,0,1,0,0,1,0,0,1,1,0,0,0,5,0,1,0,1,0,1,1,1,0,1,1,0,0,1,0,0,8,VK,5
818,KULONPROGO DISTRICT,1,1,1,0,1,1,1,0,0,1,1,0,0,0,0,1,9,0,0,0,1,0,1,0,0,1,0,0,1,1,0,0,1,6,0,0,0,1,0,0,1,1,0,1,1,1,1,1,0,0,8,VK,5
822,KULONPROGO DISTRICT,1,0,1,1,1,1,1,1,0,0,0,0,1,0,0,1,9,0,1,1,1,0,0,0,1,1,0,0,0,0,0,1,1,7,0,1,1,1,0,0,0,0,1,1,1,1,0,1,0,0,8,VK,5
833,KULONPROGO DISTRICT,1,0,0,1,1,1,1,0,1,1,0,1,0,1,0,0,9,0,1,0,0,1,1,0,1,1,1,0,0,0,0,0,0,6,0,1,1,1,0,0,1,1,1,1,1,1,0,1,0,0,10,VK,5
834,KULONPROGO DISTRICT,1,1,1,1,1,1,1,1,1,1,0,0,0,0,0,0,10,0,1,0,0,1,1,0,1,1,0,0,1,1,0,1,0,8,1,1,0,1,0,1,1,1,0,1,1,1,0,1,0,0,10,VK,5
926,GUNUNGKIDUL DISTRICT,1,0,0,0,1,0,1,0,0,1,0,1,0,1,1,0,7,0,1,0,0,1,0,1,0,1,1,0,1,1,1,0,1,9,1,0,0,1,0,1,0,1,1,1,1,0,0,1,0,0,8,AK,4
932,GUNUNGKIDUL DISTRICT,0,1,0,0,0,0,0,1,1,0,0,0,0,0,0,1,4,0,1,1,0,0,1,1,1,1,0,0,0,1,1,1,1,10,1,1,0,1,1,1,0,0,1,0,1,1,1,0,0,1,10,AK,4
933,GUNUNGKIDUL DISTRICT,1,0,1,1,1,1,1,0,1,0,0,1,0,0,0,0,8,0,1,1,0,1,1,1,1,1,0,1,1,1,0,0,0,10,1,1,1,1,0,0,1,1,1,1,0,1,0,1,1,0,11,AK,4
934,GUNUNGKIDUL DISTRICT,0,0,0,0,1,1,0,0,0,0,0,1,0,0,0,1,4,1,1,1,1,0,1,0,1,1,0,0,0,0,0,0,0,7,1,1,0,1,1,0,1,1,1,0,0,1,0,0,0,1,9,AK,4
947,GUNUNGKIDUL DISTRICT,0,0,0,0,1,0,0,0,1,0,0,0,0,0,0,1,3,0,1,0,0,0,1,1,1,0,1,1,1,0,1,1,0,9,1,0,1,1,0,1,1,1,0,0,0,0,1,1,1,1,10,AK,4
929,GUNUNGKIDUL DISTRICT,1,1,0,0,1,0,1,1,1,1,0,0,1,0,0,1,9,1,0,0,1,0,1,0,1,1,1,0,1,0,0,1,0,8,1,0,0,1,0,1,0,1,0,0,1,1,1,1,1,1,10,VK,5
939,GUNUNGKIDUL DISTRICT,1,0,0,1,1,0,0,0,1,0,0,1,0,0,1,1,7,0,1,0,1,1,0,1,0,1,0,0,0,0,0,0,1,6,1,1,0,1,0,1,0,1,0,0,1,1,0,1,0,0,8,VK,5
940,GUNUNGKIDUL DISTRICT,1,0,0,1,1,1,1,0,1,0,0,0,1,0,0,1,8,0,1,0,0,0,0,0,1,0,0,0,0,1,0,0,0,3,1,0,0,1,0,1,1,0,1,0,1,0,0,1,0,0,7,VK,5
943,GUNUNGKIDUL DISTRICT,1,0,1,0,1,1,0,1,1,0,0,1,1,0,0,0,8,0,0,0,0,1,1,0,0,1,0,0,1,1,0,0,0,5,0,0,1,0,1,0,1,0,1,0,1,1,0,1,0,1,8,VK,5
946,GUNUNGKIDUL DISTRICT,0,1,0,1,1,1,1,1,1,0,0,1,0,1,0,1,10,1,0,1,1,0,1,0,1,0,0,0,1,1,1,0,0,8,1,0,1,1,0,1,1,1,0,0,1,1,0,1,1,1,11,VK,5
920,GUNUNGKIDUL DISTRICT,1,0,0,1,1,0,1,0,0,0,0,0,0,1,0,0,5,0,1,0,1,0,1,0,0,0,0,0,0,1,0,0,0,4,0,0,0,1,0,1,1,1,0,0,1,0,0,1,1,0,7,K,3
924,GUNUNGKIDUL DISTRICT,1,0,0,0,1,1,0,0,0,0,0,1,0,0,0,1,5,0,1,1,0,0,1,1,0,0,0,0,1,1,0,0,0,6,1,0,0,1,0,1,1,1,0,0,1,1,1,1,1,0,10,K,3
925,GUNUNGKIDUL DISTRICT,1,0,0,1,1,0,1,0,1,1,1,1,0,0,1,0,9,1,1,0,1,1,0,1,0,1,0,0,1,1,0,0,0,8,1,0,1,1,0,1,1,1,0,1,1,1,1,1,1,1,13,K,3
931,GUNUNGKIDUL DISTRICT,1,0,1,0,1,0,0,0,0,1,0,0,1,0,0,1,6,0,1,0,0,1,1,0,0,1,0,0,0,0,0,1,0,5,0,1,0,1,0,0,1,1,0,1,0,1,0,1,1,0,8,K,3
935,GUNUNGKIDUL DISTRICT,1,0,0,1,1,1,1,0,1,0,0,1,0,1,0,0,8,0,1,0,1,0,0,1,0,0,1,1,0,1,1,0,0,7,1,1,0,1,0,1,1,1,1,0,1,1,0,1,0,0,10,K,3
938,GUNUNGKIDUL DISTRICT,0,0,0,1,1,1,1,0,0,0,0,1,0,0,0,1,6,0,0,0,0,0,0,1,1,1,0,0,0,0,1,0,1,5,1,1,1,0,0,1,1,1,0,1,0,1,1,0,1,0,10,K,3
942,GUNUNGKIDUL DISTRICT,1,1,0,1,1,1,1,0,1,1,0,1,0,0,0,0,9,1,1,1,0,0,1,0,0,1,0,0,1,1,0,0,0,7,1,0,1,1,1,0,1,1,1,1,0,1,0,1,1,1,12,K,3
945,GUNUNGKIDUL DISTRICT,0,0,0,0,1,1,0,0,1,1,0,1,0,0,0,1,6,0,1,0,0,1,1,1,1,1,0,0,0,1,0,0,0,7,1,1,0,1,0,1,1,1,1,0,1,0,1,0,0,0,9,K,3
948,GUNUNGKIDUL DISTRICT,1,0,0,0,1,0,0,1,1,0,0,0,0,0,0,1,5,0,1,0,0,0,0,0,0,1,1,0,0,1,0,1,0,5,1,0,0,1,0,0,1,0,0,0,1,1,1,0,0,0,6,K,3
951,GUNUNGKIDUL DISTRICT,1,0,0,1,0,0,1,0,0,1,1,1,0,0,0,1,7,0,1,0,0,1,0,1,0,1,0,0,1,1,0,0,0,6,1,1,1,1,0,0,0,1,1,0,0,1,1,1,1,1,11,K,3
959,GUNUNGKIDUL DISTRICT,1,0,0,1,1,1,0,1,1,0,0,0,1,0,0,1,8,0,1,1,0,0,0,0,0,1,0,1,0,1,1,1,0,7,0,1,1,1,0,0,0,1,1,0,1,1,1,1,1,1,11,K,3
962,GUNUNGKIDUL DISTRICT,1,0,0,0,1,1,0,0,1,0,0,1,1,0,0,0,6,0,1,0,0,1,1,0,1,0,0,0,1,1,0,1,0,7,1,0,0,1,0,1,1,1,0,0,1,1,0,1,1,0,9,K,3
964,GUNUNGKIDUL DISTRICT,1,0,0,1,,1,1,0,0,1,1,1,0,0,0,0,7,0,1,1,1,0,0,0,1,1,1,0,0,0,0,1,0,7,1,0,1,1,0,1,1,0,0,1,1,1,0,1,0,0,9,K,3
969,GUNUNGKIDUL DISTRICT,1,0,0,1,1,1,0,0,0,0,0,1,1,0,0,0,6,0,1,0,0,1,1,1,0,1,0,0,0,1,0,0,0,6,0,0,0,1,0,1,1,1,1,1,1,0,1,0,1,1,10,K,3
927,GUNUNGKIDUL DISTRICT,1,0,0,1,1,1,0,1,1,1,0,1,1,0,0,1,10,0,1,0,0,0,0,0,1,0,0,1,1,1,0,1,0,6,0,0,0,1,0,1,1,1,0,0,1,0,0,1,0,0,6,V,2
930,GUNUNGKIDUL DISTRICT,1,0,1,0,1,1,0,0,1,1,0,1,0,0,1,1,9,0,1,1,0,1,1,0,0,1,1,0,0,0,0,1,0,7,1,0,0,1,0,1,0,0,0,0,0,1,1,1,0,0,6,V,2
949,GUNUNGKIDUL DISTRICT,1,0,0,1,1,1,1,1,0,1,1,0,0,0,0,1,9,0,1,0,0,0,1,0,1,0,0,1,1,0,1,0,0,6,1,1,0,1,0,0,1,0,0,0,0,0,0,1,0,0,5,V,2
955,GUNUNGKIDUL DISTRICT,1,0,0,1,1,1,1,0,0,1,1,1,0,0,0,1,9,0,0,1,0,0,1,0,0,0,0,0,1,1,1,1,0,6,1,0,1,0,0,0,1,1,0,0,0,0,1,1,0,0,6,V,2
968,GUNUNGKIDUL DISTRICT,1,0,0,1,1,1,1,1,0,0,0,1,1,0,1,1,10,0,1,0,0,0,0,1,1,1,0,0,1,0,1,0,1,7,1,0,1,1,1,0,0,0,0,0,0,1,1,0,1,0,7,V,2
233,YOGYAKARTA DISTRICT,1,0,0,1,1,0,1,0,0,1,0,0,0,0,0,0,5,0,1,0,0,1,1,1,1,0,0,0,1,0,1,1,1,9,0,1,0,1,0,1,0,0,1,0,1,0,0,0,0,0,5,A,1
246,YOGYAKARTA DISTRICT,1,0,0,0,1,0,1,1,1,1,1,0,1,0,0,0,8,0,1,0,1,1,0,1,1,1,0,0,1,1,1,0,0,9,1,0,0,1,0,1,0,0,0,0,0,1,1,1,1,1,8,A,1
260,YOGYAKARTA DISTRICT,1,0,0,1,1,0,1,1,0,0,0,0,0,0,1,1,7,0,1,1,0,1,0,1,0,1,1,0,0,1,0,1,1,9,0,0,0,1,0,1,0,1,0,1,1,0,0,0,1,1,7,A,1
266,YOGYAKARTA DISTRICT,0,0,1,1,0,0,1,1,0,0,0,0,1,1,0,1,7,0,1,0,0,0,0,1,1,1,0,0,1,1,1,0,1,8,0,0,0,0,0,1,1,1,1,1,,,,1,1,0,7,A,1
268,YOGYAKARTA DISTRICT,1,0,0,1,1,1,1,0,0,1,1,1,0,0,0,1,9,1,1,1,0,1,0,1,1,1,1,1,0,1,0,1,0,11,0,0,0,1,0,1,1,1,0,0,0,1,1,1,1,1,9,A,1
272,YOGYAKARTA DISTRICT,1,0,0,1,1,0,1,0,1,0,1,0,0,0,0,0,6,0,1,1,0,1,1,1,0,0,1,0,1,1,0,1,0,9,0,0,0,1,0,0,0,0,0,1,1,0,1,1,1,1,7,A,1
293,YOGYAKARTA DISTRICT,1,0,0,1,1,1,0,1,0,0,1,0,1,0,0,0,7,0,1,0,0,1,1,1,0,1,1,0,1,1,0,0,0,8,1,0,0,1,0,1,1,1,0,0,0,0,0,1,1,0,7,A,1
298,YOGYAKARTA DISTRICT,1,1,0,0,0,1,0,0,0,1,1,1,1,0,0,0,7,0,1,1,0,1,0,1,1,1,0,0,0,0,1,1,0,8,1,1,0,0,1,0,0,1,1,0,1,0,0,1,0,0,7,A,1
302,YOGYAKARTA DISTRICT,1,0,0,1,1,0,1,0,1,0,1,0,0,0,0,0,6,0,1,0,0,1,1,0,1,1,1,0,1,1,1,1,0,10,1,0,0,1,0,1,1,0,0,0,0,1,0,1,0,0,6,A,1
318,YOGYAKARTA DISTRICT,1,1,0,0,1,0,0,0,0,1,0,1,0,0,0,1,6,1,1,0,1,0,1,1,1,1,1,0,0,1,1,0,1,11,1,0,0,1,0,1,0,1,1,0,0,1,0,1,0,0,7,A,1
346,YOGYAKARTA DISTRICT,1,1,0,0,0,1,1,1,0,0,0,1,1,1,0,0,8,1,1,0,1,1,0,1,0,0,1,1,1,0,0,1,0,9,1,0,1,1,0,0,1,1,0,0,0,1,0,0,1,1,8,A,1
348,YOGYAKARTA DISTRICT,0,0,1,0,0,1,0,0,1,1,0,1,0,1,1,1,8,1,1,1,0,0,0,1,0,1,0,1,1,0,1,0,1,9,0,0,0,1,1,1,0,1,1,0,1,0,1,0,1,0,8,A,1
356,YOGYAKARTA DISTRICT,1,0,0,0,1,0,1,0,0,1,1,0,1,0,0,1,7,0,1,0,1,1,1,1,0,1,0,0,1,1,0,1,1,10,0,0,0,1,0,1,1,1,0,0,1,0,1,1,0,1,8,A,1
981,YOGYAKARTA DISTRICT,1,0,0,1,1,0,1,1,0,0,0,0,0,0,1,1,7,0,1,1,0,1,0,1,0,1,1,0,0,1,0,1,1,9,0,0,0,1,0,1,0,1,0,1,1,0,0,0,1,1,7,A,1
987,YOGYAKARTA DISTRICT,0,0,1,1,0,0,1,1,0,0,0,0,1,1,0,1,7,0,1,0,0,0,0,1,1,1,0,0,1,1,1,0,1,8,0,0,0,0,0,1,1,1,1,1,,,,1,1,0,7,A,1
989,YOGYAKARTA DISTRICT,1,0,0,1,1,1,1,0,0,1,1,1,0,0,0,1,9,1,1,1,0,1,0,1,1,1,1,1,0,1,0,1,0,11,0,0,0,1,0,1,1,1,0,0,0,1,1,1,1,1,9,A,1
38,YOGYAKARTA DISTRICT,1,0,0,0,1,1,0,0,0,1,1,1,1,0,0,0,7,1,1,0,1,1,1,1,1,0,0,0,0,0,1,1,0,9,1,0,0,1,0,1,1,1,0,0,1,1,1,1,1,0,10,AK,4
42,YOGYAKARTA DISTRICT,1,1,0,0,0,0,0,1,1,0,0,0,0,0,0,1,5,0,0,1,1,0,1,1,1,1,1,0,1,1,0,1,0,10,1,1,0,1,0,0,0,1,1,0,0,1,1,0,1,1,9,AK,4
43,YOGYAKARTA DISTRICT,1,0,0,1,1,1,1,0,0,1,0,1,0,0,0,0,7,0,1,1,1,1,1,0,0,0,1,1,1,0,1,1,0,10,1,1,0,1,0,1,0,1,1,1,1,0,1,0,0,1,10,AK,4
54,YOGYAKARTA DISTRICT,1,0,0,0,1,0,1,0,1,1,0,0,1,0,0,1,7,0,1,0,0,0,1,0,1,1,1,0,0,1,0,1,1,8,1,1,1,1,0,0,0,1,1,1,1,0,0,1,0,0,9,AK,4
57,YOGYAKARTA DISTRICT,1,0,0,1,1,1,1,0,0,1,1,1,0,0,0,1,9,0,1,1,1,1,1,1,1,1,0,0,1,1,1,0,1,12,0,1,0,1,1,0,1,1,1,0,0,1,1,1,1,1,11,AK,4
68,YOGYAKARTA DISTRICT,1,1,0,0,1,1,1,1,1,0,1,0,0,1,0,0,9,1,1,1,0,1,1,0,1,1,1,0,1,1,1,1,1,13,1,0,0,1,0,1,1,1,1,1,1,0,1,0,1,1,11,AK,4
70,YOGYAKARTA DISTRICT,1,0,0,0,0,1,0,0,1,0,0,0,1,0,0,1,5,0,0,0,0,0,0,1,1,1,1,0,1,0,1,1,1,8,1,0,1,1,0,0,0,1,1,1,0,1,1,1,0,0,9,AK,4
78,YOGYAKARTA DISTRICT,1,0,0,0,1,0,1,0,1,1,1,0,0,0,0,0,6,1,1,1,0,0,1,0,0,1,0,0,1,1,0,0,0,7,0,0,0,1,0,1,1,1,0,0,1,0,1,1,1,0,8,AK,4
79,YOGYAKARTA DISTRICT,1,0,0,1,1,0,1,0,0,1,0,0,0,0,0,0,5,0,1,0,0,1,1,0,1,0,0,0,1,1,1,0,1,8,0,0,0,1,0,1,1,0,1,0,1,0,1,1,1,1,9,AK,4
82,YOGYAKARTA DISTRICT,1,1,0,1,1,0,0,1,0,0,0,0,1,0,0,0,6,0,1,0,0,0,0,0,1,1,1,1,0,0,1,1,0,7,1,0,1,1,0,1,0,1,0,1,1,0,1,0,0,0,8,AK,4
101,YOGYAKARTA DISTRICT,1,0,1,0,1,1,1,0,0,0,0,0,0,0,0,0,5,1,1,0,1,1,1,0,0,1,1,0,0,1,0,1,0,9,1,0,0,1,0,1,1,1,0,1,1,1,0,1,0,0,9,AK,4
103,YOGYAKARTA DISTRICT,0,0,1,0,1,0,0,1,0,0,0,0,0,0,1,1,5,0,1,1,0,0,1,1,0,1,1,0,0,0,0,1,1,8,0,1,1,0,0,0,1,1,1,1,0,1,1,0,1,1,10,AK,4
104,YOGYAKARTA DISTRICT,0,0,0,0,0,0,0,0,1,1,0,0,0,0,1,1,4,1,1,0,0,0,0,1,1,0,1,1,0,1,0,1,0,8,0,0,1,1,1,0,1,1,0,0,0,0,1,1,1,1,9,AK,4
106,YOGYAKARTA DISTRICT,1,0,1,0,1,0,0,0,0,1,0,0,0,0,0,1,5,0,1,0,0,0,1,1,1,1,1,0,1,1,0,1,0,9,0,1,1,1,0,0,1,1,1,0,1,1,1,1,0,0,10,AK,4
108,YOGYAKARTA DISTRICT,0,0,0,0,1,0,0,0,0,0,1,0,0,0,1,1,4,0,1,1,0,0,0,1,1,0,0,0,1,1,0,0,0,6,0,0,0,0,0,1,1,1,1,0,0,1,1,0,0,0,6,AK,4
109,YOGYAKARTA DISTRICT,0,0,0,0,1,0,0,0,0,1,1,0,1,1,0,1,6,0,1,1,0,1,1,0,0,1,0,0,0,1,1,1,0,8,0,0,0,1,0,0,1,1,0,0,0,1,1,1,1,0,7,AK,4
110,YOGYAKARTA DISTRICT,1,0,0,0,1,0,0,0,0,0,0,0,0,0,0,0,2,0,0,0,0,0,0,0,0,1,1,0,1,1,0,1,0,5,0,0,1,1,0,1,1,1,0,1,1,0,0,1,0,0,8,AK,4
111,YOGYAKARTA DISTRICT,1,0,0,0,0,0,0,1,0,0,0,0,1,0,1,1,5,0,1,0,0,0,1,1,1,1,0,0,0,0,1,0,1,7,0,0,0,1,0,1,1,0,0,0,0,0,1,1,1,0,6,AK,4
114,YOGYAKARTA DISTRICT,0,0,0,0,1,1,0,1,0,0,0,1,1,1,1,0,7,0,1,1,0,1,1,1,1,1,1,0,1,0,0,1,1,11,1,0,0,1,0,1,1,1,0,0,1,1,1,1,1,1,11,AK,4
125,YOGYAKARTA DISTRICT,1,0,0,0,1,0,1,0,1,0,1,0,0,0,1,0,6,0,1,1,0,0,0,1,0,0,0,0,1,0,1,1,1,7,0,0,0,1,0,1,1,1,0,0,1,0,1,1,1,0,8,AK,4
128,YOGYAKARTA DISTRICT,1,0,0,0,0,0,0,0,0,1,0,0,1,1,0,1,5,0,1,0,0,1,1,1,1,1,1,1,1,1,0,1,0,11,0,0,0,1,0,1,1,1,1,0,1,0,1,0,1,0,8,AK,4
129,YOGYAKARTA DISTRICT,1,1,0,0,0,0,0,0,0,0,0,0,0,0,0,0,2,0,0,0,0,0,1,0,1,1,1,0,0,1,0,1,0,6,1,0,0,1,0,0,0,1,1,0,1,,1,1,1,0,8,AK,4
133,YOGYAKARTA DISTRICT,0,0,0,1,1,0,1,0,1,0,0,1,0,1,1,1,8,0,1,1,0,1,0,1,0,1,1,0,1,0,1,0,1,9,0,1,1,1,1,1,0,1,1,0,0,0,1,1,0,1,10,AK,4
135,YOGYAKARTA DISTRICT,0,1,1,0,1,0,0,1,0,1,0,0,0,0,1,0,6,0,1,1,1,0,1,1,1,1,0,0,1,1,1,0,0,10,0,1,1,1,0,1,1,1,1,1,1,1,1,1,1,1,14,AK,4
137,YOGYAKARTA DISTRICT,0,1,0,1,1,0,1,1,1,0,0,0,1,0,0,1,8,1,1,0,1,0,1,0,1,1,0,1,0,0,1,1,1,10,0,1,1,1,0,0,1,1,1,0,1,0,0,0,1,1,9,AK,4
140,YOGYAKARTA DISTRICT,0,1,0,0,1,1,0,0,0,0,1,1,1,0,0,0,6,0,1,1,0,0,0,1,1,1,0,1,1,1,1,0,0,9,1,1,1,1,0,0,1,1,1,0,0,0,0,1,0,0,8,AK,4
142,YOGYAKARTA DISTRICT,0,0,1,1,0,0,0,1,0,1,0,0,0,1,0,1,6,0,1,1,0,0,1,1,0,0,0,1,1,0,1,0,0,7,0,0,1,1,0,0,1,0,0,0,1,1,1,0,1,0,7,AK,4
148,YOGYAKARTA DISTRICT,0,1,0,0,0,0,0,1,1,0,0,0,1,0,1,1,6,0,1,1,0,0,1,1,0,1,1,1,0,1,0,0,0,8,1,0,0,1,1,1,1,1,0,1,0,1,1,0,1,0,10,AK,4
150,YOGYAKARTA DISTRICT,0,0,0,0,0,1,0,1,1,1,1,1,0,0,1,1,8,1,1,1,0,1,1,1,0,1,1,1,1,0,1,0,1,12,1,1,0,1,1,1,1,1,1,0,1,1,1,1,1,1,14,AK,4
151,YOGYAKARTA DISTRICT,1,0,0,0,0,1,0,1,1,1,1,1,0,1,0,0,8,1,1,1,1,1,1,1,1,1,1,0,1,1,1,0,0,13,1,0,1,1,1,1,1,1,0,0,1,1,0,1,1,0,11,AK,4
152,YOGYAKARTA DISTRICT,0,1,1,1,0,0,0,1,1,1,0,0,0,1,0,0,7,0,1,1,0,0,1,1,1,1,1,1,0,0,0,1,1,10,0,1,1,1,1,0,1,0,1,1,1,0,1,1,0,1,11,AK,4
156,YOGYAKARTA DISTRICT,1,0,0,0,1,1,0,0,1,0,1,0,0,0,1,0,6,0,1,1,0,1,1,0,1,0,0,0,1,1,1,0,1,9,1,0,0,1,0,1,1,0,1,0,1,1,0,0,1,1,9,AK,4
159,YOGYAKARTA DISTRICT,0,1,0,0,0,0,0,1,0,1,0,0,1,0,1,1,6,0,1,0,0,0,1,0,1,1,1,0,0,0,1,1,1,8,1,0,0,1,0,0,1,1,0,0,1,1,0,0,0,1,7,AK,4
163,YOGYAKARTA DISTRICT,0,1,0,0,0,0,1,0,1,0,0,0,0,0,1,1,5,1,1,0,0,1,0,1,1,1,0,0,1,0,0,0,0,7,0,0,0,1,0,1,1,0,0,1,1,1,1,1,1,0,9,AK,4
219,YOGYAKARTA DISTRICT,1,0,0,0,0,1,0,1,1,1,0,0,1,0,0,0,6,0,1,0,0,1,0,1,0,1,0,0,0,0,1,1,0,6,1,1,0,1,1,1,1,1,1,1,1,0,1,1,0,0,12,K,3
224,YOGYAKARTA DISTRICT,1,0,1,0,1,1,1,0,1,1,0,1,0,0,0,0,8,0,1,0,0,1,0,1,0,1,0,0,0,1,1,1,0,7,1,0,1,1,0,1,1,1,0,1,1,0,1,0,1,1,11,K,3
229,YOGYAKARTA DISTRICT,1,1,1,0,0,1,0,0,0,0,1,0,0,0,0,0,5,0,0,1,0,1,1,0,0,1,0,0,1,1,0,0,0,6,0,1,1,1,0,1,1,1,1,0,1,1,0,1,1,0,11,K,3
235,YOGYAKARTA DISTRICT,1,1,0,0,1,1,1,1,0,,0,0,1,0,0,1,8,0,1,1,0,0,1,1,1,1,0,0,1,1,0,0,0,8,1,0,1,1,0,1,0,0,1,1,0,1,0,1,1,0,9,K,3
239,YOGYAKARTA DISTRICT,1,0,1,0,1,1,0,0,1,1,0,1,0,0,0,1,8,0,0,1,0,0,1,0,1,1,1,0,1,1,0,1,0,8,1,1,0,1,0,1,1,1,0,0,1,0,1,1,1,1,11,K,3
240,YOGYAKARTA DISTRICT,1,0,0,0,1,1,1,0,1,1,0,0,0,0,0,1,7,0,1,0,0,0,0,1,1,0,0,0,1,1,0,1,1,7,0,0,1,1,0,0,1,0,0,1,1,1,0,1,1,0,8,K,3
249,YOGYAKARTA DISTRICT,1,0,0,1,1,1,1,0,0,1,1,0,0,0,0,0,7,0,1,1,0,1,1,0,0,0,1,0,1,1,0,1,0,8,1,1,1,1,0,1,1,0,1,1,1,1,0,1,0,0,11,K,3
251,YOGYAKARTA DISTRICT,1,0,0,0,1,1,1,0,1,0,0,0,0,,,1,6,0,0,1,0,0,1,1,1,0,0,0,1,1,0,0,0,6,1,1,1,1,0,0,1,0,0,0,0,1,0,1,1,1,9,K,3
253,YOGYAKARTA DISTRICT,0,1,0,1,0,1,1,1,1,0,0,0,1,0,0,1,8,1,1,0,0,1,1,1,1,1,0,0,0,0,0,0,0,7,1,1,1,1,0,0,0,1,1,1,1,0,0,1,0,1,10,K,3
256,YOGYAKARTA DISTRICT,1,0,0,0,1,1,0,0,1,1,1,1,0,0,0,0,7,0,1,1,1,1,1,0,0,0,1,0,1,1,0,0,0,8,1,1,0,1,0,1,1,1,0,0,1,1,1,1,0,0,10,K,3
258,YOGYAKARTA DISTRICT,1,1,0,1,0,0,0,1,1,1,1,0,1,0,0,0,8,0,1,0,0,1,1,0,1,1,1,0,1,1,0,0,0,8,1,1,1,1,0,1,1,0,1,1,1,1,1,1,1,0,13,K,3
267,YOGYAKARTA DISTRICT,1,1,0,1,0,0,1,1,0,0,1,0,0,0,1,0,7,0,1,1,0,0,0,1,1,1,0,0,1,1,0,0,1,8,1,0,1,1,1,1,1,1,1,1,1,0,0,0,1,0,11,K,3
273,YOGYAKARTA DISTRICT,1,0,0,1,0,0,1,0,0,1,0,1,1,0,0,1,7,0,1,1,0,1,0,0,0,1,0,0,1,1,0,0,0,6,1,1,1,1,0,1,1,1,1,0,0,1,0,1,0,0,10,K,3
275,YOGYAKARTA DISTRICT,1,0,0,1,1,0,1,1,0,0,1,0,0,1,0,0,7,0,0,0,0,1,1,0,0,1,0,0,1,1,0,0,1,6,0,1,0,1,0,1,1,1,1,0,0,1,0,1,0,1,9,K,3
278,YOGYAKARTA DISTRICT,0,0,0,1,0,0,1,1,0,0,0,0,0,0,0,1,4,0,1,0,0,0,0,0,0,0,0,0,1,1,1,0,1,5,0,0,1,1,0,0,1,1,0,1,0,1,1,1,1,0,9,K,3
279,YOGYAKARTA DISTRICT,1,0,0,1,1,0,1,1,0,0,1,0,1,0,0,1,8,0,0,1,1,0,1,0,0,1,1,0,1,1,0,1,0,8,0,0,1,1,0,1,1,1,0,0,0,1,1,1,1,0,9,K,3
282,YOGYAKARTA DISTRICT,1,0,0,1,1,0,1,0,1,1,1,0,0,0,0,1,8,0,1,1,1,1,1,1,0,1,0,0,1,1,0,0,0,9,0,0,1,1,0,1,1,1,0,1,1,0,1,1,1,1,11,K,3
289,YOGYAKARTA DISTRICT,0,0,0,1,1,0,0,0,0,0,1,1,1,0,0,1,6,0,0,0,0,0,0,0,0,0,1,1,1,0,1,1,0,5,0,0,1,1,0,1,1,1,0,1,1,1,1,1,1,1,12,K,3
294,YOGYAKARTA DISTRICT,1,0,0,0,1,1,0,0,1,1,0,0,0,0,0,0,5,0,1,0,0,1,0,0,0,1,0,0,1,1,0,0,0,5,0,0,0,1,0,1,1,0,0,0,1,1,1,1,1,0,8,K,3
306,YOGYAKARTA DISTRICT,1,0,0,0,1,1,0,1,1,1,1,1,0,0,0,1,9,0,1,1,0,1,1,0,1,1,0,0,1,1,0,0,0,8,1,0,1,1,1,1,1,1,0,0,1,0,1,1,0,1,11,K,3
310,YOGYAKARTA DISTRICT,1,0,0,0,1,1,1,0,1,1,0,0,0,0,0,0,6,0,1,0,0,0,1,0,0,1,0,0,0,1,0,0,1,5,1,0,1,1,0,0,1,0,1,0,1,1,0,1,0,0,8,K,3
330,YOGYAKARTA DISTRICT,1,0,0,0,1,1,0,0,0,1,1,1,0,0,0,0,6,0,1,1,0,1,1,0,1,1,1,0,1,0,0,1,0,9,0,1,1,1,0,1,1,1,1,1,1,0,1,1,1,1,13,K,3
335,YOGYAKARTA DISTRICT,1,1,0,1,0,0,1,1,0,1,0,0,1,0,0,1,8,0,1,0,0,1,0,1,1,1,1,0,1,0,0,1,0,8,1,1,0,1,0,1,0,0,0,0,1,0,1,1,1,1,9,K,3
358,YOGYAKARTA DISTRICT,1,0,0,0,1,1,0,0,0,1,1,0,0,1,1,0,7,0,1,1,1,1,1,1,0,1,0,0,1,1,0,0,0,9,1,0,0,0,1,1,1,1,1,1,1,1,1,1,0,1,12,K,3
364,YOGYAKARTA DISTRICT,1,0,0,0,1,1,0,0,0,0,0,1,0,0,0,0,4,0,1,0,0,0,1,0,1,1,0,0,1,1,0,0,0,6,0,0,1,1,0,1,1,1,1,1,1,1,0,1,0,0,10,K,3
379,YOGYAKARTA DISTRICT,0,0,1,1,1,0,0,0,0,1,0,0,0,1,1,1,7,0,0,0,1,0,1,1,0,1,1,0,1,0,0,0,1,7,1,0,0,1,0,1,0,1,1,1,0,1,1,1,1,1,11,K,3
380,YOGYAKARTA DISTRICT,1,0,0,1,1,1,1,0,1,1,0,1,0,0,0,0,8,0,1,0,0,0,1,1,0,1,1,0,1,1,0,1,0,8,0,1,0,1,0,1,1,1,1,1,1,0,0,1,0,0,9,K,3
384,YOGYAKARTA DISTRICT,1,0,0,1,1,0,1,0,1,1,1,0,0,0,1,1,9,0,1,1,0,1,1,0,1,0,0,0,1,1,0,1,0,8,1,0,0,1,0,1,1,1,0,0,1,1,1,1,1,1,11,K,3
970,YOGYAKARTA DISTRICT,1,0,0,1,1,1,1,0,0,1,1,0,0,0,0,0,7,0,1,1,0,1,1,0,0,0,1,0,1,1,0,1,0,8,1,1,1,1,0,1,1,0,1,1,1,1,0,1,0,0,11,K,3
972,YOGYAKARTA DISTRICT,1,0,0,0,1,1,1,0,1,0,0,0,0,,,1,6,0,0,1,0,0,1,1,1,0,0,0,1,1,0,0,0,6,1,1,1,1,0,0,1,0,0,0,0,1,0,1,1,1,9,K,3
974,YOGYAKARTA DISTRICT,0,1,0,1,0,1,1,1,1,0,0,0,1,0,0,1,8,1,1,0,0,1,1,1,1,1,0,0,0,0,0,0,0,7,1,1,1,1,0,0,0,1,1,1,1,0,0,1,0,1,10,K,3
977,YOGYAKARTA DISTRICT,1,0,0,0,1,1,0,0,1,1,1,1,0,0,0,0,7,0,1,1,1,1,1,0,0,0,1,0,1,1,0,0,0,8,1,1,0,1,0,1,1,1,0,0,1,1,1,1,0,0,10,K,3
979,YOGYAKARTA DISTRICT,1,1,0,1,0,0,0,1,1,1,1,0,1,0,0,0,8,0,1,0,0,1,1,0,1,1,1,0,1,1,0,0,0,8,1,1,1,1,0,1,1,0,1,1,1,1,1,1,1,0,13,K,3
988,YOGYAKARTA DISTRICT,1,1,0,1,0,0,1,1,0,0,1,0,0,0,1,0,7,0,1,1,0,0,0,1,1,1,0,0,1,1,0,0,1,8,1,0,1,1,1,1,1,1,1,1,1,0,0,0,1,0,11,K,3
2,YOGYAKARTA DISTRICT,1,1,0,0,1,1,0,1,1,0,1,1,1,0,0,1,10,1,1,0,0,0,1,1,1,0,0,0,0,1,0,0,0,6,0,0,0,1,0,1,0,1,0,0,0,0,0,1,0,0,4,V,2
6,YOGYAKARTA DISTRICT,1,1,0,0,1,1,0,1,1,0,1,0,1,1,0,1,10,0,1,0,0,0,1,1,1,0,0,0,0,1,0,0,0,5,0,0,0,1,0,1,1,1,0,0,0,0,1,1,1,0,7,V,2
15,YOGYAKARTA DISTRICT,1,0,0,0,1,0,0,1,1,1,0,1,1,0,1,0,8,0,1,0,1,0,1,0,0,1,0,0,1,0,0,0,0,5,1,0,0,1,0,0,0,1,1,0,0,0,0,1,0,0,5,V,2
35,YOGYAKARTA DISTRICT,1,0,1,1,1,1,1,0,0,1,1,1,0,0,0,0,9,0,1,0,0,1,1,1,0,0,0,0,1,1,0,0,0,6,0,0,0,1,0,0,1,0,0,0,0,0,1,1,1,1,6,V,2
47,YOGYAKARTA DISTRICT,1,0,1,0,0,1,1,1,0,0,1,1,0,0,1,1,9,1,1,1,1,1,0,0,0,0,0,0,0,0,0,0,1,6,1,0,1,1,0,0,1,1,0,1,1,0,0,0,0,0,7,V,2
53,YOGYAKARTA DISTRICT,1,0,1,1,1,0,0,1,1,1,1,0,1,0,0,0,9,0,1,1,1,1,1,0,0,0,0,0,0,1,0,0,0,6,0,1,0,1,0,0,1,1,0,0,1,0,0,0,0,0,5,V,2
55,YOGYAKARTA DISTRICT,1,1,0,0,1,1,0,1,0,1,0,1,1,0,0,0,8,0,1,1,0,0,1,0,0,0,1,0,0,1,0,1,0,6,1,1,0,1,0,1,0,0,1,0,0,0,0,0,0,0,5,V,2
59,YOGYAKARTA DISTRICT,1,1,0,0,1,1,0,1,0,0,0,1,1,0,1,1,9,0,1,0,0,0,0,1,0,1,1,0,0,1,0,1,0,6,0,0,1,0,0,1,0,1,0,0,0,0,1,0,1,1,6,V,2
245,YOGYAKARTA DISTRICT,1,1,0,0,1,1,1,0,1,1,1,0,0,1,0,0,9,0,1,0,1,1,0,0,1,1,0,0,1,1,0,0,1,8,0,1,1,1,0,1,1,1,1,1,0,0,0,0,0,0,8,V,2
254,YOGYAKARTA DISTRICT,1,1,1,1,1,1,1,0,1,1,1,1,1,0,0,1,13,0,0,1,0,1,1,0,0,1,1,0,0,1,0,0,0,6,0,1,1,1,1,1,0,0,0,1,0,1,1,1,0,0,9,V,2
265,YOGYAKARTA DISTRICT,1,0,0,1,1,1,1,0,1,1,0,1,0,1,0,1,10,0,1,0,0,1,1,0,1,1,0,0,0,1,0,0,1,7,1,0,0,1,0,1,1,0,1,1,0,1,0,1,0,0,8,V,2
271,YOGYAKARTA DISTRICT,0,1,1,1,0,1,1,1,0,1,0,1,1,1,0,1,11,0,0,1,0,0,1,0,1,0,1,0,1,1,0,1,1,8,1,0,1,0,0,0,0,0,1,1,1,1,1,0,0,1,8,V,2
286,YOGYAKARTA DISTRICT,1,0,0,1,1,1,1,0,1,1,1,0,0,0,0,0,8,0,1,1,0,0,0,0,0,1,1,0,1,1,1,0,0,7,0,1,1,1,0,0,1,1,0,0,0,0,1,0,1,0,7,V,2
296,YOGYAKARTA DISTRICT,1,0,0,1,1,1,1,0,1,1,1,1,0,0,0,1,10,0,1,1,0,0,1,0,1,1,0,0,1,1,0,0,0,7,1,0,0,1,0,0,1,1,0,0,1,1,0,1,1,0,8,V,2
314,YOGYAKARTA DISTRICT,1,0,0,1,1,1,0,0,0,1,1,1,0,1,0,0,8,0,1,0,0,1,1,0,1,0,0,0,1,1,0,0,0,6,1,0,0,1,0,0,1,0,0,0,0,1,0,1,1,0,6,V,2
341,YOGYAKARTA DISTRICT,1,0,0,1,1,1,1,0,1,1,1,1,0,1,0,0,10,1,1,0,0,1,0,0,1,1,0,0,1,1,0,0,0,7,0,0,1,0,0,1,0,1,0,1,1,1,0,1,0,0,7,V,2
347,YOGYAKARTA DISTRICT,1,0,1,1,1,1,1,0,1,1,1,1,0,1,0,0,11,0,1,0,0,1,1,0,1,0,0,0,1,1,0,1,0,7,0,0,1,1,0,0,1,0,0,1,0,1,0,1,0,0,6,V,2
354,YOGYAKARTA DISTRICT,1,0,1,0,1,1,1,0,0,1,1,1,0,0,0,0,8,0,1,0,0,1,1,1,1,0,0,0,1,1,0,0,0,7,1,0,1,1,0,1,1,0,0,0,1,0,0,1,0,0,7,V,2
355,YOGYAKARTA DISTRICT,1,1,1,0,1,1,1,1,1,0,0,1,1,0,0,1,11,0,1,0,0,0,0,1,1,1,1,0,0,1,0,1,1,8,1,1,0,0,0,0,1,1,0,0,1,0,1,0,1,0,7,V,2
359,YOGYAKARTA DISTRICT,1,1,0,1,1,0,1,0,1,0,1,0,1,0,1,1,10,1,0,0,0,1,1,0,0,1,0,0,1,1,1,0,0,7,0,1,0,1,0,0,1,1,1,1,0,0,1,1,0,0,8,V,2
366,YOGYAKARTA DISTRICT,1,1,0,0,1,1,1,0,1,1,1,1,1,1,0,1,12,0,1,0,0,1,1,0,0,0,0,0,1,1,0,1,0,6,0,0,1,1,0,1,0,0,0,1,0,0,0,1,0,0,5,V,2
373,YOGYAKARTA DISTRICT,1,1,0,1,1,1,1,0,1,1,0,1,0,0,0,1,10,0,0,1,1,1,1,0,0,0,0,0,1,1,0,0,0,6,0,1,0,0,0,1,1,1,1,1,0,0,0,1,0,0,7,V,2
378,YOGYAKARTA DISTRICT,1,1,0,1,0,1,1,1,1,1,0,0,1,0,0,1,10,1,1,1,0,0,0,1,0,0,0,0,1,1,0,1,1,8,0,1,1,1,0,0,0,0,0,1,1,1,0,1,0,0,7,V,2
975,YOGYAKARTA DISTRICT,1,1,1,1,1,1,1,0,1,1,1,1,1,0,0,1,13,0,0,1,0,1,1,0,0,1,1,0,0,1,0,0,0,6,0,1,1,1,1,1,0,0,0,1,0,1,1,1,0,0,9,V,2
986,YOGYAKARTA DISTRICT,1,0,0,1,1,1,1,0,1,1,0,1,0,1,0,1,10,0,1,0,0,1,1,0,1,1,0,0,0,1,0,0,1,7,1,0,0,1,0,1,1,0,1,1,0,1,0,1,0,0,8,V,2
992,YOGYAKARTA DISTRICT,0,1,1,1,0,1,1,1,0,1,0,1,1,1,0,1,11,0,0,1,0,0,1,0,1,0,1,0,1,1,0,1,1,8,1,0,1,0,0,0,0,0,1,1,1,1,1,0,0,1,8,V,2
223,YOGYAKARTA DISTRICT,0,1,0,1,1,1,0,1,1,0,0,0,0,0,0,1,7,0,1,0,0,1,1,0,0,1,0,0,1,0,1,1,0,7,0,0,1,0,0,0,1,0,1,0,1,1,1,0,1,0,7,VAK,7
236,YOGYAKARTA DISTRICT,1,0,0,1,1,0,1,1,0,0,1,0,0,1,0,1,8,0,0,0,0,1,1,0,0,1,1,0,0,1,1,1,1,8,0,1,1,0,1,0,1,0,1,1,0,1,0,1,0,0,8,VAK,7
3,YOGYAKARTA DISTRICT,1,1,1,0,0,0,0,1,1,1,0,1,1,0,1,1,10,1,1,0,0,0,0,0,0,1,0,0,0,0,1,0,0,4,1,0,1,1,0,1,1,1,0,0,0,0,0,0,1,0,7,VK,5
5,YOGYAKARTA DISTRICT,1,1,0,0,1,0,0,1,0,1,0,1,1,0,0,1,8,0,1,0,1,0,1,1,0,1,0,0,0,1,0,1,0,7,1,0,0,1,0,0,1,1,0,1,0,0,1,1,1,0,8,VK,5
11,YOGYAKARTA DISTRICT,0,1,1,,1,1,,1,1,1,0,0,1,0,0,0,8,0,1,0,1,1,0,0,0,0,1,0,0,0,0,0,1,5,0,1,0,1,0,1,1,1,1,1,0,1,0,0,1,0,9,VK,5
17,YOGYAKARTA DISTRICT,1,0,1,0,1,1,0,1,0,1,0,1,0,0,0,0,7,0,1,0,1,0,1,0,0,0,0,0,0,0,0,0,0,3,1,0,1,1,0,0,1,1,0,1,1,1,0,1,0,0,9,VK,5
19,YOGYAKARTA DISTRICT,1,1,0,0,1,1,0,1,1,1,1,1,1,0,0,1,11,0,1,0,1,1,0,0,0,1,0,,1,1,0,0,0,6,0,1,1,1,0,1,1,1,1,1,1,1,0,1,0,0,11,VK,5
22,YOGYAKARTA DISTRICT,1,1,1,1,1,0,0,1,0,0,0,0,1,0,0,1,8,0,1,0,0,0,0,1,1,0,1,0,0,0,0,1,0,5,1,0,1,0,0,0,1,1,1,1,1,0,1,1,0,0,9,VK,5
23,YOGYAKARTA DISTRICT,1,0,1,1,0,0,1,1,1,1,1,0,0,0,0,1,9,0,1,0,0,0,1,1,0,1,0,0,0,0,0,0,1,5,1,1,0,1,0,1,0,0,1,0,1,1,0,1,0,0,8,VK,5
25,YOGYAKARTA DISTRICT,0,1,0,1,1,1,1,0,1,0,1,1,0,0,0,1,9,0,1,0,0,1,1,1,0,1,0,,1,1,0,0,1,8,1,1,0,1,0,0,1,1,1,1,1,0,0,1,0,0,9,VK,5
26,YOGYAKARTA DISTRICT,1,0,0,1,1,1,0,1,0,0,0,1,1,0,1,1,9,0,1,1,0,1,0,0,1,1,0,0,0,1,0,0,0,6,1,0,1,1,0,0,1,1,0,0,0,1,1,1,0,0,8,VK,5
29,YOGYAKARTA DISTRICT,1,1,0,0,1,1,1,0,1,0,1,1,1,0,1,0,10,0,1,0,0,1,1,0,0,1,0,,1,1,0,0,0,6,0,1,1,1,0,1,1,1,1,0,1,1,1,1,1,0,12,VK,5
31,YOGYAKARTA DISTRICT,1,0,1,1,1,0,0,1,1,1,1,0,1,0,0,1,10,1,0,0,0,0,1,0,0,1,0,0,0,1,0,1,1,6,0,1,1,0,1,1,0,,,1,1,0,1,1,1,1,10,VK,5
33,YOGYAKARTA DISTRICT,0,0,0,1,1,0,1,1,1,1,0,0,1,0,0,0,7,0,0,0,0,0,0,1,0,1,0,0,0,1,0,0,0,3,0,1,0,1,0,1,0,0,1,0,0,0,0,1,0,0,5,VK,5
40,YOGYAKARTA DISTRICT,1,0,1,1,1,1,1,1,1,0,1,0,1,0,0,1,11,1,0,0,0,1,0,0,1,1,1,0,1,1,0,0,0,7,1,1,0,1,0,1,0,1,1,0,1,1,1,1,0,0,10,VK,5
45,YOGYAKARTA DISTRICT,1,0,1,1,1,1,0,1,1,1,1,0,1,0,1,1,12,0,1,0,0,0,0,0,0,1,0,0,0,0,0,1,0,3,0,1,1,0,0,1,0,1,1,0,1,1,1,1,0,0,9,VK,5
46,YOGYAKARTA DISTRICT,1,1,0,0,1,0,1,1,1,0,0,0,1,0,0,1,8,1,0,0,0,0,1,0,0,0,0,0,1,1,0,0,0,4,1,0,0,1,0,1,0,0,0,1,0,1,1,0,0,0,6,VK,5
58,YOGYAKARTA DISTRICT,1,0,1,0,1,1,1,0,1,1,0,0,1,0,0,0,8,0,1,0,0,0,0,0,0,0,0,0,1,1,0,1,1,5,1,1,0,1,0,0,1,0,0,1,1,1,1,1,0,0,9,VK,5
62,YOGYAKARTA DISTRICT,1,1,0,0,0,1,1,1,1,0,0,0,1,0,1,1,9,1,1,1,0,0,0,0,0,1,1,0,0,0,1,0,1,7,1,1,0,0,1,1,0,0,1,0,1,1,1,0,1,1,10,VK,5
63,YOGYAKARTA DISTRICT,1,0,0,1,0,1,0,1,0,0,0,0,1,0,0,1,6,0,0,0,1,0,0,0,0,0,0,0,1,0,0,1,0,3,0,0,0,1,0,1,1,0,1,0,0,0,0,1,1,0,6,VK,5
65,YOGYAKARTA DISTRICT,1,0,1,0,1,1,1,0,1,0,1,1,1,1,0,1,11,0,1,1,1,1,1,0,1,0,0,0,1,1,0,0,0,8,1,1,0,1,0,0,1,1,1,0,0,1,1,1,1,0,10,VK,5
71,YOGYAKARTA DISTRICT,1,0,0,0,1,1,1,0,1,1,0,1,0,1,0,0,8,0,0,0,0,1,0,1,0,1,1,0,1,1,0,0,0,6,1,0,0,1,0,1,0,1,1,0,1,0,0,0,1,0,7,VK,5
72,YOGYAKARTA DISTRICT,1,0,1,1,0,1,1,1,0,0,0,1,1,0,1,0,9,0,1,0,0,0,0,1,0,1,1,0,0,0,0,0,0,4,1,1,1,1,1,1,1,1,1,1,1,0,1,1,0,0,13,VK,5
85,YOGYAKARTA DISTRICT,1,0,0,1,1,0,1,1,0,1,1,0,0,0,0,1,8,0,1,0,0,1,0,0,1,0,0,0,1,1,0,0,0,5,1,0,0,1,0,1,1,1,0,0,1,1,0,0,1,1,9,VK,5
87,YOGYAKARTA DISTRICT,0,1,0,1,0,1,1,1,1,1,0,0,0,1,0,1,9,0,1,0,0,0,0,1,0,0,0,1,0,0,0,1,0,4,1,0,1,1,0,0,1,0,1,0,1,0,1,1,0,0,8,VK,5
93,YOGYAKARTA DISTRICT,0,0,0,0,1,1,1,1,0,1,0,0,0,0,0,1,6,0,0,0,1,0,0,0,0,1,0,0,1,1,0,1,0,5,0,0,0,1,0,0,1,1,1,0,1,1,0,1,0,0,7,VK,5
94,YOGYAKARTA DISTRICT,1,0,0,1,1,1,1,0,1,1,0,0,0,0,0,1,8,0,1,0,0,0,0,1,0,1,0,0,0,1,0,0,0,4,0,0,1,1,0,1,1,1,1,1,0,0,0,1,1,0,9,VK,5
97,YOGYAKARTA DISTRICT,0,1,0,0,1,1,1,1,0,0,0,1,1,0,0,1,8,0,1,1,0,0,0,0,1,1,0,0,0,1,0,0,1,6,1,1,0,1,0,1,0,1,1,0,0,1,0,0,1,1,9,VK,5
113,YOGYAKARTA DISTRICT,1,0,0,1,1,0,1,1,1,1,0,0,0,1,0,0,8,1,0,0,0,1,0,0,0,1,0,0,1,0,0,0,0,4,1,1,1,1,0,0,1,1,0,1,0,1,1,1,1,1,12,VK,5
204,YOGYAKARTA DISTRICT,1,0,1,1,1,1,1,1,1,1,0,0,1,0,1,1,12,0,1,0,0,0,1,1,1,1,1,0,0,1,0,1,0,8,0,0,1,1,0,1,1,1,0,1,1,1,1,1,1,0,11,VK,5
213,YOGYAKARTA DISTRICT,0,1,1,1,1,1,1,0,1,1,1,0,0,0,1,0,10,0,0,1,0,1,1,1,1,1,0,0,1,1,1,0,0,9,0,1,0,1,1,1,1,1,1,0,0,1,1,0,1,0,10,VK,5
215,YOGYAKARTA DISTRICT,0,1,1,1,1,1,1,0,1,1,1,0,0,0,1,0,10,0,0,1,0,1,1,1,1,1,0,0,1,1,1,0,0,9,0,1,0,1,1,1,1,0,1,1,1,1,0,0,1,0,10,VK,5
222,YOGYAKARTA DISTRICT,1,1,0,1,0,1,1,1,1,0,0,0,1,0,0,1,9,1,1,0,0,0,0,0,1,1,1,0,0,0,0,0,0,5,0,1,1,1,0,0,0,0,1,1,1,1,1,0,0,0,8,VK,5
225,YOGYAKARTA DISTRICT,1,0,0,1,1,1,0,1,1,1,1,1,1,0,1,0,11,0,1,1,0,0,1,1,0,0,1,0,1,0,0,0,0,6,1,0,0,1,0,1,1,1,1,1,1,0,1,0,1,0,10,VK,5
226,YOGYAKARTA DISTRICT,1,1,1,0,1,1,1,0,0,1,0,0,1,0,0,0,8,0,1,0,0,0,0,0,0,1,0,0,1,1,0,0,0,4,1,0,0,1,0,0,1,1,1,0,1,1,0,0,1,0,8,VK,5
232,YOGYAKARTA DISTRICT,1,0,0,0,1,1,1,0,0,1,1,0,0,0,0,,6,0,1,0,0,1,0,0,0,0,0,0,0,1,0,0,0,3,1,1,0,1,0,1,1,1,1,0,1,0,0,1,0,0,9,VK,5
243,YOGYAKARTA DISTRICT,1,1,1,1,1,1,1,0,0,1,1,0,0,0,0,0,9,0,0,0,0,1,1,0,1,1,1,0,1,1,0,0,0,7,1,0,1,1,0,1,1,1,0,0,0,1,0,1,0,0,8,VK,5
248,YOGYAKARTA DISTRICT,1,0,1,1,1,1,1,0,1,1,1,0,1,0,0,0,10,0,0,0,1,0,0,1,1,0,0,0,1,1,0,1,0,6,1,0,1,1,0,1,0,1,0,0,0,1,0,1,1,0,8,VK,5
250,YOGYAKARTA DISTRICT,1,0,0,1,0,0,0,1,1,0,0,0,1,1,1,1,8,1,1,1,0,0,0,0,0,0,1,0,0,1,1,0,0,6,1,1,0,1,1,0,0,1,0,1,0,0,0,0,1,0,7,VK,5
255,YOGYAKARTA DISTRICT,0,1,1,0,0,1,1,1,0,1,0,0,0,1,0,1,8,0,1,0,0,1,1,1,1,0,0,0,0,1,0,0,1,7,1,1,0,1,0,0,0,1,1,1,1,1,0,0,0,0,8,VK,5
259,YOGYAKARTA DISTRICT,0,0,0,1,1,1,1,0,0,1,0,1,1,0,0,1,8,0,1,,1,0,1,0,1,0,0,0,0,0,1,0,1,6,0,1,1,1,0,1,1,1,0,0,0,0,0,1,0,0,7,VK,5
261,YOGYAKARTA DISTRICT,1,1,1,1,1,0,0,1,1,1,0,0,1,0,0,1,10,0,1,0,0,1,0,0,0,1,0,0,0,1,0,0,0,4,1,0,1,1,0,0,0,0,1,1,1,1,1,1,0,0,9,VK,5
270,YOGYAKARTA DISTRICT,1,0,1,1,1,1,0,0,1,1,1,1,0,0,0,1,10,0,1,0,0,1,1,0,0,0,0,0,1,1,0,0,0,5,0,0,1,1,0,1,0,1,1,1,1,1,1,0,0,0,9,VK,5
276,YOGYAKARTA DISTRICT,1,0,0,0,1,1,1,0,1,1,1,0,0,0,0,0,7,0,1,0,0,1,1,0,0,1,0,0,1,1,0,0,0,6,0,0,1,1,0,0,1,1,0,0,1,0,0,1,1,0,7,VK,5
277,YOGYAKARTA DISTRICT,1,0,1,0,0,0,0,0,1,0,0,1,1,1,0,1,7,0,0,0,1,0,1,0,0,1,0,0,1,0,0,0,0,4,0,0,0,1,0,0,1,0,0,0,1,0,1,0,1,1,6,VK,5
280,YOGYAKARTA DISTRICT,1,0,0,1,1,0,1,0,1,0,1,0,0,0,0,1,7,0,0,1,0,0,1,0,0,1,0,0,1,1,0,1,0,6,0,0,1,1,0,1,1,1,0,0,0,1,1,0,1,0,8,VK,5
281,YOGYAKARTA DISTRICT,1,0,0,1,0,0,1,1,1,1,0,0,1,0,0,0,7,0,1,0,0,1,0,0,0,1,0,0,1,1,0,1,0,6,1,1,0,1,0,0,0,1,1,0,0,0,0,1,1,0,7,VK,5
283,YOGYAKARTA DISTRICT,1,1,0,1,1,0,1,0,1,0,0,0,1,0,0,0,7,0,1,1,0,0,0,0,0,0,1,0,0,0,0,0,1,4,0,1,0,1,0,0,0,1,1,1,1,1,1,1,1,0,10,VK,5
285,YOGYAKARTA DISTRICT,1,0,0,1,1,0,1,1,0,1,1,0,0,0,0,1,8,0,1,0,0,0,0,0,0,0,0,0,1,1,1,0,0,4,0,0,1,1,1,1,1,1,1,1,0,1,1,1,1,0,12,VK,5
288,YOGYAKARTA DISTRICT,1,1,0,1,1,0,1,1,0,0,1,0,0,0,0,0,7,0,1,0,0,0,0,0,0,0,1,0,1,1,0,0,0,4,0,1,0,1,0,1,1,1,0,0,1,0,1,1,1,1,10,VK,5
290,YOGYAKARTA DISTRICT,1,0,0,1,1,1,1,0,1,1,1,1,0,0,0,0,9,0,1,1,0,1,1,0,0,1,0,0,1,1,0,0,0,7,1,0,0,1,0,0,1,1,1,1,0,1,0,1,0,0,8,VK,5
292,YOGYAKARTA DISTRICT,1,0,0,1,1,1,1,0,1,1,1,1,0,0,0,0,9,0,1,1,0,1,1,0,0,1,0,0,1,1,1,0,0,8,0,0,0,1,0,1,1,0,0,1,1,1,1,1,1,0,9,VK,5
295,YOGYAKARTA DISTRICT,1,0,0,0,1,1,0,1,1,1,1,1,0,0,1,0,9,0,0,1,0,1,1,0,1,0,0,0,1,0,1,1,0,7,1,0,0,1,0,1,1,1,0,1,0,1,1,1,0,0,9,VK,5
297,YOGYAKARTA DISTRICT,1,1,1,1,0,1,0,1,1,0,1,0,0,1,0,1,10,0,0,0,0,0,1,0,0,0,0,0,1,0,0,1,0,3,0,1,1,1,0,0,0,1,1,1,1,0,1,1,0,0,9,VK,5
303,YOGYAKARTA DISTRICT,1,1,0,1,1,1,1,1,0,1,1,1,0,0,0,1,11,0,0,0,0,1,0,0,1,1,0,0,1,1,0,0,0,5,1,1,1,1,0,1,1,1,1,1,1,1,0,1,1,0,13,VK,5
304,YOGYAKARTA DISTRICT,1,1,0,1,1,1,1,1,0,1,1,1,0,0,0,1,11,0,0,0,0,1,0,0,0,1,0,0,1,1,1,0,0,5,1,1,1,1,0,1,1,1,1,0,0,1,1,1,0,0,11,VK,5
305,YOGYAKARTA DISTRICT,1,0,0,1,1,0,1,0,1,1,1,1,0,0,0,1,9,0,1,1,0,0,1,0,1,1,0,0,1,1,0,0,0,7,1,0,0,1,0,0,1,1,0,0,1,1,0,1,1,0,8,VK,5
309,YOGYAKARTA DISTRICT,1,0,0,0,1,1,1,0,1,1,0,0,0,1,0,0,7,0,1,0,1,0,1,0,0,0,0,0,0,1,0,1,0,5,1,0,1,0,0,0,1,0,1,0,0,1,1,0,0,0,6,VK,5
312,YOGYAKARTA DISTRICT,0,1,0,0,0,1,0,1,1,0,0,1,1,0,1,0,7,0,0,0,0,0,0,1,1,1,0,0,1,0,1,0,1,6,1,0,1,1,0,0,0,0,0,0,1,1,1,1,0,0,7,VK,5
319,YOGYAKARTA DISTRICT,1,1,0,0,1,1,1,1,1,0,0,0,0,0,1,0,8,1,1,0,0,0,0,1,0,1,0,0,0,0,1,0,1,6,1,1,1,1,0,0,1,1,0,0,0,0,1,0,1,1,9,VK,5
320,YOGYAKARTA DISTRICT,1,0,0,1,1,1,1,0,1,1,0,1,1,0,0,1,10,0,0,0,0,1,0,0,1,1,0,0,0,0,0,0,0,3,1,1,0,1,0,0,1,1,1,0,0,0,1,1,0,1,9,VK,5
327,YOGYAKARTA DISTRICT,1,0,1,0,1,0,1,1,0,1,1,0,0,0,0,0,7,0,1,0,0,0,0,1,1,1,0,0,1,1,0,0,0,6,0,0,0,1,0,1,1,1,0,0,1,0,0,1,0,1,7,VK,5
333,YOGYAKARTA DISTRICT,1,1,0,0,1,1,0,0,0,0,0,1,0,0,0,1,6,0,0,0,1,0,0,0,0,1,0,0,0,0,0,1,0,3,1,0,1,1,0,0,1,1,0,0,0,0,0,0,0,0,5,VK,5
334,YOGYAKARTA DISTRICT,0,1,0,1,1,1,0,1,1,1,1,1,1,0,0,0,10,0,1,0,0,1,0,1,0,1,0,0,1,0,0,0,0,5,1,1,1,1,0,0,0,1,1,1,0,0,0,1,0,0,8,VK,5
338,YOGYAKARTA DISTRICT,1,1,0,1,1,0,0,0,1,0,0,1,1,0,1,0,8,1,0,1,0,0,1,1,0,1,0,0,0,0,1,1,0,7,1,1,0,1,0,0,0,1,0,0,1,1,1,0,0,1,8,VK,5
342,YOGYAKARTA DISTRICT,1,1,0,0,1,0,0,1,1,0,1,0,1,0,0,1,8,0,1,0,0,0,0,1,1,0,0,1,0,1,1,0,1,7,1,0,1,1,0,1,1,0,1,0,1,1,1,0,0,0,9,VK,5
343,YOGYAKARTA DISTRICT,1,1,1,1,1,1,0,0,0,1,1,0,0,1,0,0,9,0,1,0,0,1,1,0,1,1,0,0,1,1,0,0,1,8,1,0,0,1,1,1,1,1,1,0,1,0,1,0,0,0,9,VK,5
360,YOGYAKARTA DISTRICT,1,0,0,1,1,0,1,1,1,1,0,0,1,0,0,1,9,0,0,1,0,0,1,0,1,1,0,0,1,1,0,0,0,6,1,0,1,1,0,1,1,1,1,0,0,0,1,0,0,0,8,VK,5
361,YOGYAKARTA DISTRICT,1,0,0,1,1,1,1,1,1,1,0,0,1,0,0,1,10,1,1,0,0,0,0,1,1,1,1,0,0,0,0,1,1,8,1,1,1,1,0,1,1,0,1,1,1,1,0,0,0,0,10,VK,5
363,YOGYAKARTA DISTRICT,1,0,0,1,1,1,1,0,1,1,1,1,0,0,0,0,9,0,0,0,1,1,0,0,1,0,1,0,1,1,0,1,0,7,1,0,0,1,0,1,1,1,1,1,1,0,0,0,0,0,8,VK,5
365,YOGYAKARTA DISTRICT,1,0,0,0,1,1,1,1,1,1,1,1,0,0,0,1,10,0,0,0,0,0,1,0,0,0,1,0,1,1,0,0,0,4,0,1,0,1,0,1,1,1,1,1,0,1,0,1,0,0,9,VK,5
368,YOGYAKARTA DISTRICT,1,1,1,1,1,1,1,0,1,0,1,0,0,1,0,0,10,1,1,0,0,0,0,0,0,0,0,0,1,1,1,1,0,6,1,0,0,0,1,1,0,0,1,1,1,0,1,1,1,0,9,VK,5
369,YOGYAKARTA DISTRICT,1,0,0,1,1,1,0,0,1,0,0,1,1,0,0,1,8,0,1,0,1,0,0,0,0,1,0,0,1,0,1,0,1,6,0,1,1,1,0,1,1,1,0,0,0,1,0,1,0,0,8,VK,5
370,YOGYAKARTA DISTRICT,1,0,0,1,1,1,1,0,1,1,0,1,0,0,0,1,9,0,1,0,1,1,1,1,1,0,0,1,0,1,0,0,0,8,0,1,1,0,1,0,1,1,1,1,0,1,1,0,0,1,10,VK,5
371,YOGYAKARTA DISTRICT,1,0,0,0,1,1,0,0,1,0,1,0,0,1,0,0,6,0,0,0,0,1,0,0,0,0,1,0,1,1,0,0,0,4,0,1,0,1,0,0,1,1,1,0,0,1,0,1,0,0,7,VK,5
372,YOGYAKARTA DISTRICT,1,0,0,0,1,1,0,0,1,0,1,0,0,1,0,0,6,0,0,0,0,1,1,0,0,0,1,0,1,1,0,0,0,5,0,1,0,1,0,0,1,1,1,1,0,0,0,1,1,0,8,VK,5
374,YOGYAKARTA DISTRICT,1,0,1,1,1,1,1,0,1,1,0,1,0,0,0,0,9,0,1,0,0,1,1,0,1,1,0,0,1,1,0,0,0,7,0,0,1,1,0,0,1,1,0,1,1,1,0,1,0,0,8,VK,5
377,YOGYAKARTA DISTRICT,1,0,1,1,1,1,1,0,1,1,0,1,1,0,0,0,10,0,0,0,0,0,0,0,0,0,1,0,0,0,0,0,0,1,0,1,1,1,0,0,0,0,1,1,1,1,0,0,0,0,7,VK,5
382,YOGYAKARTA DISTRICT,1,1,1,1,1,1,1,0,1,0,1,1,0,0,0,1,11,0,0,0,0,1,0,0,0,0,1,0,1,1,0,0,0,4,0,1,1,1,0,1,1,1,1,1,1,1,0,1,0,0,11,VK,5
383,YOGYAKARTA DISTRICT,1,0,0,1,0,0,1,1,1,1,1,0,1,1,1,0,10,1,1,0,0,1,0,1,1,0,0,0,1,1,0,0,1,8,0,0,0,1,1,1,1,1,1,0,0,1,1,1,1,1,11,VK,5
971,YOGYAKARTA DISTRICT,1,0,0,1,0,0,0,1,1,0,0,0,1,1,1,1,8,1,1,1,0,0,0,0,0,0,1,0,0,1,1,0,0,6,1,1,0,1,1,0,0,1,0,1,0,0,0,0,1,0,7,VK,5
976,YOGYAKARTA DISTRICT,0,1,1,0,0,1,1,1,0,1,0,0,0,1,0,1,8,0,1,0,0,1,1,1,1,0,0,0,0,1,0,0,1,7,1,1,0,1,0,0,0,1,1,1,1,1,0,0,0,0,8,VK,5
980,YOGYAKARTA DISTRICT,0,0,0,1,1,1,1,0,0,1,0,1,1,0,0,1,8,0,1,,1,0,1,0,1,0,0,0,0,0,1,0,1,6,0,1,1,1,0,1,1,1,0,0,0,0,0,1,0,0,7,VK,5
982,YOGYAKARTA DISTRICT,1,1,1,1,1,0,0,1,1,1,0,0,1,0,0,1,10,0,1,0,0,1,0,0,0,1,0,0,0,1,0,0,0,4,1,0,1,1,0,0,0,0,1,1,1,1,1,1,0,0,9,VK,5
991,YOGYAKARTA DISTRICT,1,0,1,1,1,1,0,0,1,1,1,1,0,0,0,1,10,0,1,0,0,1,1,0,0,0,0,0,1,1,0,0,0,5,0,0,1,1,0,1,0,1,1,1,1,1,1,0,0,0,9,VK,5
429,SLEMAN DISTRICT,1,1,0,1,0,0,0,1,1,1,0,0,0,0,0,0,6,0,1,0,0,0,1,1,1,1,1,0,1,1,0,1,0,9,1,0,0,1,0,0,1,1,0,0,0,1,1,0,0,0,6,A,1
445,SLEMAN DISTRICT,0,0,0,0,1,1,0,0,0,1,1,1,0,1,1,0,7,0,1,1,1,1,1,1,1,1,1,0,1,1,0,0,0,11,0,0,1,1,0,1,1,1,0,0,0,0,1,1,0,0,7,A,1
449,SLEMAN DISTRICT,0,0,1,0,1,0,1,0,0,0,0,0,0,0,0,1,4,0,1,0,0,0,1,0,0,1,0,1,0,1,0,1,0,6,0,1,0,0,0,1,0,1,0,0,0,0,1,0,0,0,4,A,1
472,SLEMAN DISTRICT,0,1,0,0,1,1,0,1,1,0,0,1,1,0,1,1,9,1,1,1,0,0,0,1,1,1,1,1,0,1,0,1,0,10,0,0,0,1,1,1,0,0,0,0,1,1,1,1,1,1,9,A,1
502,SLEMAN DISTRICT,0,1,0,0,1,0,0,1,0,0,0,0,0,0,0,1,4,0,1,0,0,0,1,0,1,1,1,1,0,1,0,1,0,8,0,0,0,1,1,0,0,0,0,0,0,0,0,1,1,1,5,A,1
526,SLEMAN DISTRICT,1,1,1,0,1,0,0,1,0,1,0,0,1,0,0,0,7,0,1,1,1,0,1,1,1,0,0,0,1,1,0,0,0,8,1,0,0,1,0,0,1,1,0,0,1,1,0,1,0,0,7,A,1
388,SLEMAN DISTRICT,0,0,0,0,1,1,1,1,1,0,0,0,0,0,1,1,7,1,0,0,0,1,0,0,1,1,1,0,0,1,1,1,1,9,1,0,0,1,1,1,1,1,1,1,1,1,0,0,0,0,10,AK,4
401,SLEMAN DISTRICT,1,1,0,0,0,1,1,0,1,0,1,0,1,0,0,0,7,0,1,0,1,1,0,0,1,1,1,0,1,1,1,0,0,9,0,1,0,1,0,1,1,1,0,1,1,1,0,0,0,0,8,AK,4
402,SLEMAN DISTRICT,1,0,0,0,1,1,0,0,1,1,0,0,0,0,0,0,5,0,0,1,1,1,1,0,0,0,0,1,1,1,0,0,0,7,0,0,0,1,0,0,1,1,0,0,0,1,0,1,0,1,6,AK,4
407,SLEMAN DISTRICT,0,0,0,1,0,1,0,1,1,0,1,0,1,0,1,0,7,1,0,1,0,1,0,1,0,1,1,0,1,0,1,0,0,8,1,1,0,1,0,1,0,1,0,1,0,0,1,0,1,0,8,AK,4
416,SLEMAN DISTRICT,1,0,0,1,1,1,0,0,1,0,0,0,1,0,0,1,7,1,1,1,0,1,0,1,1,1,1,0,1,0,0,0,0,9,1,0,0,1,0,0,0,1,0,0,0,1,1,1,1,1,8,AK,4
417,SLEMAN DISTRICT,1,0,0,0,0,0,1,1,0,1,0,1,1,0,0,0,6,0,1,1,0,1,1,1,0,1,0,0,1,1,1,0,0,9,0,1,0,1,0,0,1,1,1,1,1,0,1,0,1,1,10,AK,4
420,SLEMAN DISTRICT,0,0,0,0,0,1,0,1,0,0,0,1,1,0,0,1,5,0,1,0,1,1,1,1,1,1,0,1,0,1,0,0,0,9,1,0,1,1,1,1,1,1,0,1,0,0,1,1,1,1,12,AK,4
432,SLEMAN DISTRICT,0,0,0,1,0,1,1,0,0,1,0,1,0,0,0,0,5,0,1,0,0,0,0,1,1,1,0,0,1,1,0,0,0,6,0,1,0,0,0,1,1,1,1,0,1,1,0,1,0,0,8,K,3
435,SLEMAN DISTRICT,0,1,0,0,0,1,0,1,1,1,0,0,0,0,0,0,5,0,1,1,0,0,0,1,1,1,1,0,1,1,0,0,0,8,1,1,1,1,0,1,0,1,1,0,1,1,1,1,1,0,12,K,3
436,SLEMAN DISTRICT,0,1,0,0,0,1,0,1,0,1,0,1,0,0,1,0,6,0,1,1,0,1,0,0,0,1,0,0,0,0,1,0,1,6,0,1,0,1,0,1,1,0,1,0,1,0,1,1,0,0,8,K,3
437,SLEMAN DISTRICT,1,0,0,1,1,1,1,0,0,1,1,0,0,0,0,1,8,0,1,0,0,1,0,0,0,1,0,0,1,0,1,1,1,7,0,1,1,1,0,1,1,1,1,1,1,0,0,1,0,0,10,K,3
447,SLEMAN DISTRICT,0,0,0,0,0,1,0,1,1,0,0,0,1,0,1,1,6,0,1,1,0,0,0,1,1,1,1,0,0,0,0,0,0,6,0,1,1,1,0,1,0,0,0,1,1,1,1,0,1,1,10,K,3
448,SLEMAN DISTRICT,0,0,0,1,1,1,1,0,1,0,0,1,0,0,0,1,7,0,1,0,0,0,1,0,1,1,0,0,0,1,0,0,1,6,0,1,1,1,0,1,1,1,0,1,0,0,1,1,0,0,9,K,3
454,SLEMAN DISTRICT,1,0,0,1,1,0,1,0,1,1,0,0,1,0,0,0,7,0,1,0,0,1,1,1,0,1,1,0,1,1,0,1,0,9,1,1,1,1,0,1,1,1,1,1,1,1,0,1,0,0,12,K,3
456,SLEMAN DISTRICT,1,0,0,0,1,1,0,0,1,1,0,1,0,0,0,1,7,0,1,0,0,1,1,0,1,1,0,0,1,1,0,0,0,7,0,1,1,1,0,1,1,1,1,1,1,1,0,0,1,0,11,K,3
457,SLEMAN DISTRICT,0,0,1,1,1,0,0,1,0,1,0,1,1,0,0,1,8,0,1,1,0,0,1,0,1,0,0,1,1,1,0,1,0,8,1,0,1,1,1,1,1,0,0,1,1,0,1,1,1,1,12,K,3
458,SLEMAN DISTRICT,1,0,0,1,0,0,1,0,1,0,0,0,0,0,0,0,4,1,0,0,0,1,1,0,0,1,0,0,1,1,0,1,0,7,1,1,0,1,0,1,1,1,1,0,1,1,0,1,1,0,11,K,3
466,SLEMAN DISTRICT,1,0,0,0,0,0,0,1,1,1,0,0,1,0,1,1,7,0,1,0,0,0,0,1,1,1,1,0,0,0,1,1,0,7,1,1,0,0,0,1,0,1,0,0,1,1,1,0,0,1,8,K,3
467,SLEMAN DISTRICT,0,0,0,1,0,0,1,1,0,0,1,0,1,0,1,1,7,0,1,0,0,0,1,1,1,1,0,0,1,1,1,0,1,9,1,1,1,1,1,1,0,0,1,1,1,0,1,1,0,1,12,K,3
471,SLEMAN DISTRICT,1,0,0,1,0,1,1,0,0,1,0,1,1,0,0,0,7,0,1,0,1,1,0,1,0,1,0,0,1,1,0,0,0,7,1,1,0,1,1,0,1,0,1,1,0,1,1,1,0,0,10,K,3
479,SLEMAN DISTRICT,1,0,0,1,1,1,1,0,1,0,0,1,0,0,0,0,7,0,1,0,0,1,1,0,1,1,0,0,1,1,0,0,0,7,0,0,1,1,0,1,0,1,1,0,0,1,1,1,0,0,8,K,3
481,SLEMAN DISTRICT,1,0,0,1,1,0,0,0,1,1,0,1,1,1,0,1,9,0,1,0,0,0,1,1,1,1,1,0,0,1,0,1,0,8,1,1,0,1,1,1,1,1,1,0,1,1,1,0,1,0,12,K,3
483,SLEMAN DISTRICT,0,1,0,1,1,0,1,0,1,1,0,0,1,0,1,1,9,0,1,0,0,0,0,1,1,1,1,0,0,1,0,0,0,6,1,0,1,1,1,1,1,1,0,0,1,1,1,1,1,1,13,K,3
486,SLEMAN DISTRICT,1,1,0,0,1,1,0,1,0,1,0,0,0,1,0,0,7,0,1,1,0,1,0,0,1,1,0,0,0,1,1,0,0,7,1,0,1,1,0,1,1,1,0,1,1,1,0,1,0,0,10,K,3
604,BANTUL DISTRICT,1,1,1,1,0,1,0,0,1,1,0,1,1,1,0,0,10,0,1,0,1,0,1,0,1,1,0,1,1,0,0,1,1,9,1,1,1,1,1,1,0,1,0,0,0,0,0,0,0,1,8,VA,6
609,BANTUL DISTRICT,1,1,1,1,0,1,0,0,0,0,1,1,1,0,1,1,10,0,0,0,1,1,1,1,1,0,0,1,1,0,0,1,1,9,0,1,0,1,1,1,0,1,0,1,0,0,0,1,0,1,8,VA,6
618,BANTUL DISTRICT,0,1,1,1,0,1,0,0,1,1,0,1,1,1,0,1,10,0,0,1,0,1,1,0,0,1,1,1,1,0,1,1,1,10,0,1,0,1,1,0,1,1,0,0,1,0,1,0,0,1,8,VA,6
624,BANTUL DISTRICT,1,0,1,1,0,1,0,1,0,1,1,1,0,1,0,1,10,1,0,1,0,1,1,1,1,1,0,1,0,1,0,1,0,10,1,0,1,0,1,0,1,1,0,1,0,1,0,0,1,1,9,VA,6
643,BANTUL DISTRICT,1,1,1,1,0,1,0,0,0,1,1,0,0,1,0,1,9,0,0,1,1,1,1,0,1,1,0,1,1,0,0,0,1,9,1,0,0,1,1,1,0,1,1,1,0,0,0,0,0,1,8,VA,6
647,BANTUL DISTRICT,1,1,1,0,0,1,0,0,1,0,1,0,0,0,0,1,7,0,0,1,1,0,0,0,1,1,0,1,0,1,1,1,0,8,0,0,0,0,1,0,0,0,1,1,1,0,0,0,1,0,5,VA,6
654,BANTUL DISTRICT,1,1,1,0,0,0,1,1,0,0,1,1,0,0,0,1,8,0,0,0,1,1,0,0,1,1,0,1,1,1,0,0,1,8,0,0,0,1,1,1,1,1,0,0,0,0,1,0,0,1,7,VA,6
660,BANTUL DISTRICT,1,1,0,1,0,0,1,0,0,0,1,0,1,1,0,1,8,1,1,0,1,1,0,0,1,1,0,1,0,0,0,1,1,9,1,1,1,0,0,1,0,1,0,0,0,0,0,1,0,1,7,VA,6
668,BANTUL DISTRICT,1,1,1,1,0,0,1,0,0,1,0,0,0,1,1,1,9,1,1,1,1,0,0,1,0,1,0,1,1,1,0,1,0,10,0,1,1,1,0,1,0,0,1,0,1,0,0,1,0,0,7,VA,6
670,BANTUL DISTRICT,1,1,1,1,0,0,0,1,1,1,0,1,1,1,0,1,11,1,1,1,1,0,0,1,0,0,0,1,1,0,1,1,1,10,1,0,1,0,0,1,0,0,0,1,0,0,0,0,1,0,5,VA,6
677,BANTUL DISTRICT,1,1,1,1,0,1,0,1,1,0,1,0,0,1,0,1,10,0,0,1,1,1,1,1,0,0,0,1,1,0,0,1,1,9,1,1,0,1,1,1,0,1,1,0,0,0,0,0,0,1,8,VA,6
679,BANTUL DISTRICT,1,1,1,0,0,1,1,0,1,0,1,0,0,1,0,1,9,0,0,1,1,1,0,0,1,1,1,1,1,0,0,0,1,9,1,0,1,1,1,0,0,0,1,0,1,0,1,0,1,0,8,VA,6
687,BANTUL DISTRICT,1,1,1,0,0,1,1,0,1,0,1,1,0,1,0,1,10,0,0,0,1,1,0,0,1,1,1,1,1,0,1,0,1,9,0,0,0,1,1,0,0,1,1,1,1,0,0,0,1,1,8,VA,6
922,GUNUNGKIDUL DISTRICT,1,0,0,1,1,1,1,0,0,0,0,1,1,1,0,1,9,0,1,0,0,0,1,0,0,1,1,1,0,1,1,1,1,9,1,0,0,1,0,1,1,0,1,0,1,1,0,1,0,0,8,VA,6
928,GUNUNGKIDUL DISTRICT,0,0,0,0,1,0,0,0,1,0,0,0,0,1,1,1,5,0,1,0,0,0,0,1,1,0,1,0,0,0,1,0,1,6,1,0,0,0,0,0,0,0,0,0,0,1,0,0,0,0,2,VA,6
937,GUNUNGKIDUL DISTRICT,1,0,0,1,1,0,1,0,1,1,1,0,0,0,0,0,7,0,1,0,0,1,1,1,1,0,1,0,1,1,0,1,0,9,0,0,0,0,0,0,0,0,0,0,0,0,0,0,1,1,2,VA,6
944,GUNUNGKIDUL DISTRICT,1,0,1,1,0,0,1,1,1,1,0,0,1,0,1,1,10,1,1,0,1,0,0,1,0,1,1,1,0,1,0,1,0,9,0,0,1,1,0,1,1,0,1,0,0,0,1,1,0,1,8,VA,6
950,GUNUNGKIDUL DISTRICT,1,0,0,1,1,0,1,1,0,1,1,0,1,0,0,0,8,1,0,1,1,0,1,0,1,1,0,1,0,1,1,0,1,10,1,1,0,1,0,0,0,0,1,0,0,1,0,1,0,0,6,VA,6
961,GUNUNGKIDUL DISTRICT,1,1,1,1,1,0,1,1,0,1,0,0,0,0,0,0,8,0,1,0,0,0,0,0,1,1,0,1,1,1,1,0,0,7,0,0,0,0,0,1,1,1,0,1,0,1,0,0,0,0,5,VA,6
711,KULONPROGO DISTRICT,1,0,1,1,1,0,0,1,1,0,0,0,1,0,0,1,8,0,1,1,,1,1,0,1,0,1,0,0,0,1,1,1,9,0,1,1,1,0,0,0,0,1,0,0,1,0,0,0,0,5,VA,6
715,KULONPROGO DISTRICT,1,0,0,1,1,1,0,1,1,1,0,1,1,0,0,1,10,0,1,1,1,0,1,1,1,1,1,0,1,0,0,1,0,10,1,1,0,1,0,0,1,0,1,0,0,1,1,1,1,0,9,VA,6
716,KULONPROGO DISTRICT,1,0,1,0,1,0,1,0,0,1,1,0,0,0,0,1,7,1,1,0,1,0,1,0,0,1,1,0,1,0,1,0,0,8,0,0,1,1,0,0,1,1,0,0,0,0,0,1,0,0,5,VA,6
731,KULONPROGO DISTRICT,1,0,1,0,1,0,1,1,1,1,0,0,0,1,0,1,9,0,1,0,0,1,1,0,0,1,1,0,0,1,1,1,0,8,0,1,0,0,0,0,1,1,1,0,0,0,0,1,0,0,5,VA,6
735,KULONPROGO DISTRICT,0,0,0,0,1,0,1,1,0,1,0,1,0,0,0,1,6,0,1,0,1,0,1,0,1,0,0,0,0,1,0,1,1,7,0,0,1,1,0,1,1,1,0,0,0,0,0,0,0,0,5,VA,6
742,KULONPROGO DISTRICT,0,1,1,1,0,1,1,1,0,0,0,1,1,1,0,1,10,0,1,0,0,0,1,1,1,1,1,0,0,1,0,1,1,9,0,0,1,0,1,0,0,0,0,0,0,1,1,0,0,1,5,VA,6
767,KULONPROGO DISTRICT,1,0,1,0,1,1,0,1,1,1,1,0,1,0,0,0,9,0,0,1,0,1,1,0,1,1,1,0,1,1,0,0,0,8,1,1,0,1,0,0,0,1,1,0,1,1,0,0,0,0,7,VA,6
779,KULONPROGO DISTRICT,1,0,0,1,1,1,1,0,1,1,1,1,0,0,0,1,10,0,1,1,0,1,0,1,1,0,0,0,1,1,1,0,1,9,0,0,0,1,0,1,1,0,0,1,0,1,0,1,0,0,6,VA,6
786,KULONPROGO DISTRICT,1,0,0,1,1,0,1,1,0,0,0,0,1,1,0,0,7,0,0,0,0,1,0,0,1,1,1,0,1,1,1,1,0,8,1,1,0,1,0,0,0,1,0,1,0,0,1,0,0,0,6,VA,6
811,KULONPROGO DISTRICT,1,1,0,0,1,1,1,1,1,0,0,1,1,1,1,1,12,1,1,1,0,1,1,1,1,1,0,0,0,0,1,1,0,10,1,0,0,0,0,1,0,0,0,0,0,1,1,0,0,0,4,VA,6
842,KULONPROGO DISTRICT,1,0,0,1,1,1,1,0,0,1,1,1,0,1,0,0,9,0,1,0,1,0,1,0,0,1,0,0,1,1,1,0,1,8,1,1,0,1,0,1,1,0,0,0,0,1,0,1,0,0,7,VA,6
850,KULONPROGO DISTRICT,1,0,0,1,1,0,1,0,1,1,0,0,1,1,0,1,9,0,0,1,1,1,1,0,1,0,0,1,0,0,1,0,0,7,1,0,1,1,0,0,0,0,1,1,0,0,0,0,0,0,5,VA,6
867,KULONPROGO DISTRICT,1,0,0,1,1,1,1,0,1,0,1,0,1,0,0,1,9,0,1,0,0,1,0,1,0,1,1,0,1,1,1,0,0,8,0,1,0,0,0,1,0,1,0,0,0,1,1,0,1,0,6,VA,6
872,KULONPROGO DISTRICT,1,1,0,1,1,1,1,0,0,1,1,0,0,0,0,0,8,0,0,1,1,1,1,0,0,1,1,0,1,1,0,0,0,8,0,0,1,1,0,0,1,1,0,0,0,1,0,0,0,0,5,VA,6
873,KULONPROGO DISTRICT,1,0,1,1,1,1,1,0,1,1,1,1,0,0,0,0,10,0,1,0,1,1,1,1,0,1,0,0,1,1,1,0,1,10,0,1,0,1,0,1,1,1,1,0,1,0,0,1,1,0,9,VA,6
879,KULONPROGO DISTRICT,1,0,1,0,1,1,0,0,0,1,1,1,0,1,0,0,8,0,0,0,0,1,0,1,0,1,0,0,1,1,1,1,0,7,0,1,0,1,0,0,0,1,0,0,0,0,0,0,1,0,4,VA,6
